id,post_id,author_username,content,image,created_at,updated_at
dde8176c-4a9e-4cd2-a284-0410b54dc30f,64a3c5db-23d7-4737-96b6-3a37982ca22d,user75,Pemain muda semakin berkembang.,null,2025-10-20 19:44:14,2025-11-05 14:36:20
a8939721-56c1-4b1e-97f7-a0994270fbbf,ae0b8ab9-2753-45c3-98c4-dd917d057e18,user68,Formasi ini cukup efektif.,null,2025-08-27 00:56:50,2025-09-18 01:33:50
8e7a44ee-6131-4459-8a2c-72ef15a664ef,1103888a-f075-4254-aa25-e4bcfa2fe18d,user56,Formasi ini cukup efektif.,null,2024-07-30 21:32:57,2024-08-05 10:51:04
59cf8618-e13e-4435-a874-20c32b639e8b,2728edad-5b1f-4aaa-85c8-b3f8442f0697,user28,Permainan pertahanan masih lemah.,null,2025-06-27 03:12:02,2025-07-19 01:18:00
1003c583-7f3f-4ae4-9dfe-44de038d30e2,edaf82e2-eb11-4f3e-aa89-084646406b58,user44,Pemain muda semakin berkembang.,null,2025-10-24 22:50:03,2025-11-15 23:11:55
51f1bab5-95c7-45f8-82d6-6184f757c9b4,b0a6e902-2b8b-4baa-9671-b12dcf2a4f08,user13,Kiper tampil luar biasa.,null,2025-03-08 21:17:57,2025-03-29 14:30:54
c6094bf1-3100-49a0-b0b0-0faa3ddf38af,edd6151d-177f-44bf-9be6-a55429b03063,user33,Wasitnya kontroversial banget.,null,2025-04-28 08:26:38,2025-05-05 18:16:52
36699563-f28e-468f-bb6e-8b12f2cc9184,98dff5c6-df9d-4dce-82d8-983795f7e38e,user12,Pemain muda semakin berkembang.,null,2023-10-30 22:37:47,2023-11-04 11:15:02
aef9a811-c735-4cc5-a9dc-52c0041f0888,a1555e18-7da1-4fe5-89cb-981f52378ade,user48,Mainnya bagus banget!,null,2025-03-16 11:48:05,2025-04-12 12:01:13
757ffd84-3b99-4658-882d-a180d52c180b,9daea4a5-4e0e-40e7-95e8-a3f685f4d75e,user72,Sayang banget peluangnya gagal.,null,2025-09-12 15:14:00,2025-09-28 15:17:55
fe6f234f-f6c7-46bc-85f4-815414b5a42b,edaf82e2-eb11-4f3e-aa89-084646406b58,user46,Mainnya bagus banget!,null,2025-10-24 23:15:17,2025-11-14 12:00:42
72f8a95a-b62c-4356-afd0-6069c71f05ad,eba488be-51c1-46cf-b39a-28afb76c616c,user77,Sayang banget peluangnya gagal.,null,2024-05-28 00:40:44,2024-06-14 02:22:35
0f2d7bee-5352-4063-bc98-b6756d56a93b,693edb15-674e-4192-86b4-fbd9fc76ec96,user65,Wasitnya kontroversial banget.,null,2024-06-20 23:23:40,2024-06-28 11:40:05
e7d31b72-7d64-4d3a-9b90-8ea1813dbfd1,b6a2ebf2-c755-4a7c-a1e1-b6fdc25fb3f3,user14,Kiper tampil luar biasa.,null,2025-07-28 07:46:23,2025-08-24 07:52:09
92a9ec21-2d97-486c-905e-fdebe1393af0,6f74f959-e3e7-4648-9c30-e99adce42ebe,user36,Pemain muda semakin berkembang.,null,2025-09-18 07:03:28,2025-09-29 06:33:07
4cf01138-d5cb-4f1e-b331-55f80a5dc14e,0671d796-9489-47c1-beca-66d5d193de43,user80,Pelatih perlu rotasi pemain.,null,2023-08-09 20:41:02,2023-09-08 10:12:51
5d255ecf-1f8e-4a8d-aa29-94b1d6b1aa9f,8abc46eb-aa19-420a-bda5-43e3ab64188d,user24,Kiper tampil luar biasa.,null,2025-08-07 22:46:49,2025-08-22 22:46:24
84176c94-058e-49b1-a512-2201c769f5dd,983a395b-ee26-4cd5-b497-c1e0130d464a,user1,Masih perlu perbaikan di lini tengah.,null,2025-03-05 05:44:21,2025-03-12 04:38:21
e5de4089-d7b2-4484-b40e-a54e6683e546,fb75ea9d-a6af-491e-96ef-4ddeb6eec518,user52,Mainnya bagus banget!,null,2024-08-13 20:47:10,2024-08-20 18:04:55
733a4574-7362-4fca-9eb4-7831beed0d82,15bef749-9f3f-4285-97e1-c9b03fd5ec95,user68,Pemain muda semakin berkembang.,null,2023-12-02 02:03:24,2023-12-20 08:21:17
17156309-274c-42fd-8530-7663b8b2727b,21799082-e9b1-44e5-956c-7ba69ead7a5e,user44,Pelatih perlu rotasi pemain.,null,2024-08-21 14:03:18,2024-09-08 13:11:53
71f906bd-6879-44c6-81d4-5024aec4f0af,2728edad-5b1f-4aaa-85c8-b3f8442f0697,user42,Harusnya bisa menang lebih besar.,null,2024-01-08 00:27:32,2024-01-10 13:45:09
1596807c-3cf8-4232-933b-6dfe67bad494,e8d2703f-423a-4022-ae37-573c6759f585,user80,Pelatih perlu rotasi pemain.,null,2024-11-07 10:40:55,2024-11-11 09:43:52
769bb3c0-5bec-418a-8064-8253fb4a2fde,01bb7e35-ce68-491c-af8c-e634f7472a69,user55,Wasitnya kontroversial banget.,null,2025-08-05 14:11:50,2025-09-04 01:29:31
ad2b8208-6bc9-4756-8987-b5c4de816d02,b0a6e902-2b8b-4baa-9671-b12dcf2a4f08,user35,Sayang banget peluangnya gagal.,null,2025-01-30 05:23:09,2025-02-24 02:18:45
9219ff3e-85b7-41a6-b8b1-8eb81883ef42,983a395b-ee26-4cd5-b497-c1e0130d464a,user56,Masih perlu perbaikan di lini tengah.,null,2025-02-05 20:29:04,2025-02-19 14:29:25
430c8374-3769-4994-a8d5-e74e1e2a2dfb,4e9bae6d-08f4-4ab7-ab47-20bb994152f4,user68,Permainan pertahanan masih lemah.,null,2024-12-15 19:30:04,2024-12-18 00:24:58
f34f1f20-7353-47d0-b6b7-40cc7bb5b6b2,3dba6f91-f510-4f01-929e-1cb6b66b32e9,user77,Permainan pertahanan masih lemah.,null,2023-10-31 04:50:32,2023-10-31 13:47:53
579aa653-76b7-47d9-be9c-90a22145d702,cb5588e0-a6b3-43e7-b33d-f73f9c913eb9,user28,Pelatih perlu rotasi pemain.,null,2023-12-25 06:12:40,2024-01-06 15:54:46
c82453ba-b044-4843-9594-e0ed5ad7e67c,15ad8a86-ca5c-47ac-a26f-463434d609d0,user16,Pemain muda semakin berkembang.,null,2025-07-15 12:05:43,2025-08-08 15:35:28
3a97a7e0-cc4e-4959-9e10-a12fd2c77701,eb7b6f8c-20ac-482e-8454-09c09532f0f7,user17,Permainan pertahanan masih lemah.,null,2025-02-15 20:51:27,2025-03-13 17:21:39
7ece7808-06cf-4ceb-9cbf-72add49de73a,53968840-853a-46a1-87a7-f74f6066e237,user72,Sayang banget peluangnya gagal.,null,2025-08-28 01:44:33,2025-09-14 06:22:37
665014f8-a244-4a05-8ec0-6f02f3b3d105,3dba6f91-f510-4f01-929e-1cb6b66b32e9,user6,Wasitnya kontroversial banget.,null,2024-08-22 11:21:18,2024-08-23 09:11:25
dce35549-b17c-4500-8284-4ea180f41108,b01c00d1-4c72-4781-ac9d-73349aee7036,user41,Masih perlu perbaikan di lini tengah.,null,2025-08-29 04:59:17,2025-09-19 01:08:25
e755b918-410e-40f7-aab6-21dab33a4f0d,b91fa018-1c48-4434-a0dc-895e1f8ee5a3,user54,Pemain muda semakin berkembang.,null,2024-07-21 19:15:47,2024-07-27 09:26:59
db52c01e-1724-448a-b0a4-10831a12e7c3,5c50ab94-1821-435a-a8f9-1a7819e94c0e,user42,Kiper tampil luar biasa.,null,2024-12-24 16:39:52,2025-01-16 00:42:58
3e4684c4-179a-421b-8e5c-97d5ef02897a,15bef749-9f3f-4285-97e1-c9b03fd5ec95,user56,Pemain muda semakin berkembang.,null,2023-06-15 08:11:07,2023-06-27 03:40:10
b25fc4a7-f0f8-424e-895f-69d65a0e3f53,9daea4a5-4e0e-40e7-95e8-a3f685f4d75e,user52,Pemain muda semakin berkembang.,null,2025-09-08 23:20:15,2025-09-12 18:58:04
344f123b-0748-4fd7-b2fe-be3ed7be0ef5,4c975e95-3874-48fa-958f-f28080ffc07c,user44,Harusnya bisa menang lebih besar.,null,2025-03-04 12:20:47,2025-03-20 16:23:58
adebb58d-5ffc-40a2-ac69-24fa092e6b39,b01c00d1-4c72-4781-ac9d-73349aee7036,user66,Formasi ini cukup efektif.,null,2025-09-09 08:47:49,2025-09-14 21:38:51
7aa512d2-1965-4165-ab7f-cbfe85f47d38,5d6756fa-cf36-423c-b033-ecf5881cf5e8,user25,Harusnya bisa menang lebih besar.,null,2024-12-24 19:45:37,2025-01-10 20:49:16
0ba19b38-f22a-4ec4-b642-14152231b614,03e9dc51-06d0-46f6-ba2b-0dede0c6affc,user14,Permainan pertahanan masih lemah.,null,2024-01-02 04:25:22,2024-01-14 14:38:50
b16eb48d-724d-4401-8b3c-543ff90fd874,eb7b6f8c-20ac-482e-8454-09c09532f0f7,user78,Harusnya bisa menang lebih besar.,null,2024-02-28 17:05:43,2024-03-03 08:53:17
e68d7e17-2af6-4360-8ceb-04470dafb421,7b44e05a-412b-4ad4-bd93-59efcbb8eed9,user64,Masih perlu perbaikan di lini tengah.,null,2025-07-13 06:05:44,2025-08-09 14:53:41
a347d8bd-e0ee-4432-b64f-035b7b4b86cc,fa03a668-b60c-4224-be9e-d8816898e1a1,user73,Kiper tampil luar biasa.,null,2025-05-27 09:18:37,2025-06-12 01:52:30
27a171ec-bce3-48ab-a708-29961f4574fb,e227a2ec-ea25-4c95-ab6b-b2d845dd6eb1,user57,Wasitnya kontroversial banget.,null,2024-11-15 09:09:44,2024-12-08 03:29:41
20d3c110-12e2-4eec-9360-f7044c571ce8,dc84b4bd-9282-4c4c-944d-ab06d43d9715,user39,Masih perlu perbaikan di lini tengah.,null,2025-09-22 01:42:15,2025-10-05 09:43:19
03a781b3-bcac-4d1e-9468-86fe3995bc45,5110774e-a9a5-4d42-8fc1-8ad0f01680e6,user46,Pelatih perlu rotasi pemain.,null,2025-08-28 13:40:55,2025-09-01 04:07:13
ef2bc8e1-baf8-44d5-9ebd-801e099dddc5,5c4fb000-f30f-49b2-bc01-01ad09cb2893,user58,Kiper tampil luar biasa.,null,2025-04-09 14:24:17,2025-04-12 08:41:11
4bc0c371-026b-458c-9d28-bfbd9508f91a,eba488be-51c1-46cf-b39a-28afb76c616c,user10,Masih perlu perbaikan di lini tengah.,null,2025-02-10 01:39:48,2025-02-14 10:51:58
721363ca-6cd8-4a39-abac-4d6b3da12a7b,ae0b8ab9-2753-45c3-98c4-dd917d057e18,user65,Masih perlu perbaikan di lini tengah.,null,2025-09-13 10:26:32,2025-10-05 21:32:25
ea6ca9f2-58c5-4e47-b1bc-1a1daf2264cb,aab9076a-f34c-4e4b-90ef-1ddeb2949dad,user6,Permainan pertahanan masih lemah.,null,2025-08-06 11:16:21,2025-09-03 05:18:02
1e723372-6cb5-4531-85b0-8e1683293010,15ad8a86-ca5c-47ac-a26f-463434d609d0,user78,Harusnya bisa menang lebih besar.,null,2025-10-14 08:39:47,2025-11-07 16:47:53
880e74b4-7ba1-489d-bea7-7776cd68da00,5110774e-a9a5-4d42-8fc1-8ad0f01680e6,user58,Sayang banget peluangnya gagal.,null,2025-06-11 03:40:28,2025-06-27 19:48:30
7108f0bd-737f-435e-9b71-5973a36f58dd,53968840-853a-46a1-87a7-f74f6066e237,user23,Wasitnya kontroversial banget.,null,2023-12-20 04:33:23,2024-01-01 05:11:55
666a2749-5a3d-4288-85f4-e22cab37940f,01bb7e35-ce68-491c-af8c-e634f7472a69,user68,Harusnya bisa menang lebih besar.,null,2025-08-19 23:52:01,2025-09-18 14:20:30
2afca863-ff89-4847-bba4-ee771ea5bd6b,82d7178f-468e-4c98-bc1c-db95e38d846a,user48,Pemain muda semakin berkembang.,null,2025-04-27 19:32:10,2025-05-16 14:54:32
43dfb3b9-121d-4571-a52e-ba69163bfd9b,9b1cd5b4-e763-4b2a-842f-687e0cb17f57,user44,Sayang banget peluangnya gagal.,null,2023-10-05 09:05:28,2023-10-21 14:59:09
9905280e-b6f7-412f-b4ae-787cb5519ece,217d3a76-db7d-43a1-8405-54c79fc17ff1,user13,Pelatih perlu rotasi pemain.,null,2025-10-23 12:03:34,2025-11-11 06:26:21
d670b6cd-dc3e-455c-9a89-1a0a910b62d1,82788d89-82e6-4adc-ad0e-a65f2d6d543c,user78,Sayang banget peluangnya gagal.,null,2024-07-03 14:14:12,2024-07-19 18:37:53
e3aeba63-72bb-46c0-ac1d-46704a4cff8b,d4d4e757-6b4c-46ba-830d-9473ae51e754,user19,Pemain muda semakin berkembang.,null,2024-12-26 02:31:10,2025-01-10 03:57:56
fd76813f-3505-4041-b383-01821fd8d986,48db662d-2e67-447a-998b-177727ab2abf,user77,Pelatih perlu rotasi pemain.,null,2025-07-17 01:13:02,2025-07-21 03:55:19
6f3147c5-5524-4bf1-8ba9-36b132b4cd2d,0671d796-9489-47c1-beca-66d5d193de43,user49,Formasi ini cukup efektif.,null,2024-11-21 08:21:49,2024-11-27 13:15:14
17b8edec-5115-4a10-b68b-f6e87f05fa17,15bef749-9f3f-4285-97e1-c9b03fd5ec95,user55,Mainnya bagus banget!,null,2025-03-01 19:08:47,2025-03-19 08:42:24
1c118c6c-29ad-488f-8f0a-ceafa14119a9,82d7178f-468e-4c98-bc1c-db95e38d846a,user40,Kiper tampil luar biasa.,null,2025-02-07 02:21:43,2025-02-17 11:54:52
3a11c8bf-ace2-4f5e-8c71-c3974f8f9514,7b44e05a-412b-4ad4-bd93-59efcbb8eed9,user63,Harusnya bisa menang lebih besar.,null,2025-03-29 15:21:29,2025-04-09 15:17:59
071f94ab-e406-4cae-88b0-9d7a3b81e94b,e227a2ec-ea25-4c95-ab6b-b2d845dd6eb1,user10,Formasi ini cukup efektif.,null,2025-05-11 02:10:42,2025-05-16 00:00:57
4fee1343-b4b7-422b-9448-08eed5a8d68f,7b44e05a-412b-4ad4-bd93-59efcbb8eed9,user70,Kiper tampil luar biasa.,null,2025-08-06 13:22:12,2025-08-08 09:20:56
def108ce-52aa-4f01-ac5a-96c0e9c8a684,7b44e05a-412b-4ad4-bd93-59efcbb8eed9,user80,Pemain muda semakin berkembang.,null,2025-03-05 23:12:19,2025-04-03 23:02:52
0f56a5b4-53e7-4ed3-b75c-4104ad28623c,e227a2ec-ea25-4c95-ab6b-b2d845dd6eb1,user21,Wasitnya kontroversial banget.,null,2025-02-10 19:25:38,2025-02-18 20:17:39
b6515011-ff40-4424-aa55-a494d22e1f31,5eb3ae8d-8745-4d65-9813-559d847d15f1,user53,Wasitnya kontroversial banget.,null,2025-05-09 13:49:34,2025-05-21 02:34:07
2ad2b46d-e264-4ede-81b3-3fdadc396fd4,96cb618d-ba2c-46df-ad01-fbcb73f9b922,user37,Formasi ini cukup efektif.,null,2025-08-01 19:30:07,2025-08-13 04:08:06
5379c948-d1b9-42b2-be4e-6bb3c22cacea,03e9dc51-06d0-46f6-ba2b-0dede0c6affc,user40,Permainan pertahanan masih lemah.,null,2025-09-29 10:31:50,2025-10-22 04:58:24
404e57e8-2356-4641-8fcf-01924c3c95c3,e9ac6ecf-6cde-428b-9a10-1ba0961aa187,user74,Pelatih perlu rotasi pemain.,null,2025-06-14 05:54:18,2025-07-06 15:48:04
52b89641-c349-4793-aa6f-b36a697150e2,9b1cd5b4-e763-4b2a-842f-687e0cb17f57,user49,Pemain muda semakin berkembang.,null,2025-09-04 06:29:01,2025-09-29 21:01:07
91b25852-cb54-4f43-b78b-fcd8eff888f3,e8d2703f-423a-4022-ae37-573c6759f585,user26,Harusnya bisa menang lebih besar.,null,2025-08-26 07:08:21,2025-09-24 15:37:23
32b11f9b-fd2b-4c6a-bd59-b105b28b4c2b,82788d89-82e6-4adc-ad0e-a65f2d6d543c,user7,Kiper tampil luar biasa.,null,2025-07-19 19:31:05,2025-08-12 03:26:48
a590b8d0-4e84-438f-a045-346a97342a45,aab9076a-f34c-4e4b-90ef-1ddeb2949dad,user14,Sayang banget peluangnya gagal.,null,2024-03-19 12:18:33,2024-04-02 08:25:53
edb8997f-f1ef-49eb-bd88-7f0e19e8ceee,2adacfa9-e7b6-4adf-acfd-792498eea916,user21,Formasi ini cukup efektif.,null,2025-04-25 18:20:08,2025-05-17 13:49:49
3650f708-7e99-4ca6-8a39-6a0fcd6d3f2a,8f36bb11-533e-414c-bb9d-21ba1999cef9,user56,Wasitnya kontroversial banget.,null,2023-12-23 06:35:40,2024-01-03 01:17:14
c3f2aaf0-affc-495c-82ef-c2b07ffb0978,983a395b-ee26-4cd5-b497-c1e0130d464a,user4,Pemain muda semakin berkembang.,null,2025-06-03 22:02:11,2025-06-06 12:05:06
07d415cb-d662-4abf-8d82-8aa01eade3fe,53968840-853a-46a1-87a7-f74f6066e237,user48,Sayang banget peluangnya gagal.,null,2024-05-20 22:06:58,2024-06-08 16:01:56
647a2792-ac33-4d8d-ac02-f1ab741e4dee,e9ac6ecf-6cde-428b-9a10-1ba0961aa187,user29,Sayang banget peluangnya gagal.,null,2023-09-12 14:09:04,2023-09-28 01:26:45
c5b87224-abc4-464a-bec9-27598fb8f96d,77f76575-13cd-4b45-842a-25097584d8bd,user43,Mainnya bagus banget!,null,2023-10-25 07:45:51,2023-11-01 00:04:45
c759312a-ac64-493c-802d-ef6f913fe6c4,eba488be-51c1-46cf-b39a-28afb76c616c,user61,Wasitnya kontroversial banget.,null,2025-03-21 23:55:54,2025-03-28 17:38:12
d9b5eaf5-a33a-4155-8d0e-2799179be797,fa03a668-b60c-4224-be9e-d8816898e1a1,user79,Mainnya bagus banget!,null,2024-01-18 00:57:47,2024-01-21 21:16:03
2d80ea30-c07d-4f60-a543-d65761286870,82788d89-82e6-4adc-ad0e-a65f2d6d543c,user28,Masih perlu perbaikan di lini tengah.,null,2024-07-02 22:19:20,2024-07-29 13:43:31
a96f914b-bda2-48ce-aeaf-f7422a94930d,c70dcc5c-8f25-459e-92f2-dab95153e668,user55,Permainan pertahanan masih lemah.,null,2024-12-26 09:09:49,2025-01-09 08:49:34
c194c601-56ca-4a0a-912a-b74153ce0a0d,cb5588e0-a6b3-43e7-b33d-f73f9c913eb9,user16,Pemain muda semakin berkembang.,null,2023-08-08 05:57:19,2023-08-19 19:45:26
231244db-af9b-48f1-8369-21ee04a56c81,555e1e37-bc97-4ae7-b5cf-5048d7457343,user80,Sayang banget peluangnya gagal.,null,2024-09-05 11:44:38,2024-09-08 12:55:10
bdee15d1-c29b-4bb9-afbd-a4e617f3e2c8,a6a022ad-bf91-4133-a949-3667c89facdb,user77,Formasi ini cukup efektif.,null,2025-10-16 23:17:58,2025-10-17 18:26:52
e5309a58-3804-4b78-a2d6-e603543f7998,693edb15-674e-4192-86b4-fbd9fc76ec96,user31,Pelatih perlu rotasi pemain.,null,2025-07-18 20:17:34,2025-07-25 19:34:18
fc7dc130-cd58-409d-a95f-9cbf862bc9bc,3bc3a449-0f83-47d3-aba4-ef9599827617,user1,Masih perlu perbaikan di lini tengah.,null,2024-11-13 16:57:44,2024-11-25 09:14:23
1ab9b371-75f8-4b56-98ca-867137176896,b0a6e902-2b8b-4baa-9671-b12dcf2a4f08,user24,Formasi ini cukup efektif.,null,2025-07-23 12:31:36,2025-07-27 16:16:26
8df7d01c-ed0c-4083-b4a5-bf31b4e0b029,82d7178f-468e-4c98-bc1c-db95e38d846a,user9,Formasi ini cukup efektif.,null,2025-10-19 03:17:29,2025-11-12 18:42:52
1f6cf671-637a-4b09-a3b6-6fa63e329242,5c50ab94-1821-435a-a8f9-1a7819e94c0e,user50,Pemain muda semakin berkembang.,null,2025-08-13 08:40:10,2025-08-15 11:23:26
71ab3872-69ef-45ae-8e3c-4ca39741509b,e9ac6ecf-6cde-428b-9a10-1ba0961aa187,user33,Sayang banget peluangnya gagal.,null,2023-08-25 00:47:51,2023-09-11 08:50:31
a629a8a4-1b69-4abe-b0c6-129e08cfcd5a,983a395b-ee26-4cd5-b497-c1e0130d464a,user31,Masih perlu perbaikan di lini tengah.,null,2025-10-05 10:25:20,2025-10-10 11:11:57
d52ac7dc-83b0-4b30-9e8c-f4f01b7800ca,d9112a16-6c5c-4a31-97d3-3256ad7a817f,user43,Kiper tampil luar biasa.,null,2025-09-30 07:54:35,2025-10-02 11:33:52
6bdf7f71-8abe-4338-9f44-bbabbeaea337,6632a6d2-a70a-4932-a9a2-5e01a4ae13e6,user44,Wasitnya kontroversial banget.,null,2025-10-24 16:29:23,2025-11-02 04:29:00
3bae2470-9b4e-43e3-93d1-a28824331919,7adbf283-5819-4cbd-8be8-383a29366c10,user62,Sayang banget peluangnya gagal.,null,2025-01-28 22:28:56,2025-02-04 11:35:48
8247490e-b0ff-4e1d-a26d-af41b6755d40,77f76575-13cd-4b45-842a-25097584d8bd,user59,Permainan pertahanan masih lemah.,null,2023-05-08 21:30:25,2023-05-23 03:23:32
688d3ae4-8ff9-4d10-acf8-a790e2c80140,5eb3ae8d-8745-4d65-9813-559d847d15f1,user26,Pelatih perlu rotasi pemain.,null,2025-01-04 08:54:05,2025-01-19 16:35:49
891ca6cf-2ac3-4bc5-a6e7-e625c1249a43,5d6756fa-cf36-423c-b033-ecf5881cf5e8,user51,Pelatih perlu rotasi pemain.,null,2025-05-24 05:45:33,2025-06-16 05:18:35
11dffd73-f249-4bc8-9c91-5ef99fb77a8a,b040391c-8045-4e3e-9a0f-c97afe79c79e,user25,Mainnya bagus banget!,null,2025-03-26 11:06:28,2025-04-12 19:00:46
5fefa695-69ad-4101-b9d8-f5382b068d8d,99a768e5-01da-431e-a135-4d942361cc40,user43,Kiper tampil luar biasa.,null,2024-07-26 21:44:21,2024-08-01 22:45:47
719b5ebc-b5b6-43d5-a759-cdc591252d03,27a654c0-29fa-4019-bfdf-bf0dfbd26fb0,user52,Pemain muda semakin berkembang.,null,2025-06-25 20:39:39,2025-07-17 04:59:28
e1771754-b6a2-4047-9aef-af74b92819c8,0678eaf7-9931-4b0e-9b2a-c09b13dffb1e,user24,Kiper tampil luar biasa.,null,2025-06-14 23:56:59,2025-07-09 03:36:23
87b739db-c347-450b-8c8d-1530d5c65d2a,d41da983-f781-479f-9d3e-883f0aadf5e4,user35,Sayang banget peluangnya gagal.,null,2023-11-03 15:09:02,2023-11-24 05:43:42
8c0ea0b5-e0c7-42f0-9cbf-cf3b83aca4b3,27a654c0-29fa-4019-bfdf-bf0dfbd26fb0,user78,Formasi ini cukup efektif.,null,2025-08-26 05:57:13,2025-09-04 00:12:02
44140a49-1224-4831-9993-1870dee84705,fca5281a-1230-47f5-bffe-9db17c614020,user42,Kiper tampil luar biasa.,null,2025-10-15 07:04:42,2025-10-19 04:21:55
4efbd834-9a12-403a-a40f-7f9a9eb25520,fb75ea9d-a6af-491e-96ef-4ddeb6eec518,user38,Masih perlu perbaikan di lini tengah.,null,2025-02-13 21:07:00,2025-03-07 12:38:46
9074f2fe-c3b0-4003-9cad-ffce91b66ada,77f76575-13cd-4b45-842a-25097584d8bd,user55,Kiper tampil luar biasa.,null,2023-11-26 07:37:07,2023-12-17 20:48:33
2ac00832-9779-4e6b-9eb2-9eb170dc1fb3,fa03a668-b60c-4224-be9e-d8816898e1a1,user6,Masih perlu perbaikan di lini tengah.,null,2025-07-31 11:52:34,2025-08-17 14:38:14
b9808938-ed2a-42db-8f25-742358132121,27a654c0-29fa-4019-bfdf-bf0dfbd26fb0,user36,Sayang banget peluangnya gagal.,null,2025-04-06 04:58:22,2025-04-08 23:47:59
c2993da7-e301-42b2-81f6-b1cb08e67c23,edd6151d-177f-44bf-9be6-a55429b03063,user52,Harusnya bisa menang lebih besar.,null,2025-04-19 19:34:39,2025-05-14 17:21:57
14969b70-2fe2-41bc-bd86-e3dd0d346bf0,8abc46eb-aa19-420a-bda5-43e3ab64188d,user19,Mainnya bagus banget!,null,2025-10-11 20:44:34,2025-11-02 03:15:04
bee9935e-9969-42a5-83b2-5cdcd0739f9c,48db662d-2e67-447a-998b-177727ab2abf,user9,Kiper tampil luar biasa.,null,2024-07-14 18:51:58,2024-08-01 13:40:10
babe3029-b31f-4d74-803f-2557bbbaaf5c,af226cc9-1cea-4778-8981-1385c974668b,user73,Harusnya bisa menang lebih besar.,null,2023-12-01 20:24:39,2023-12-31 05:23:50
3ed94270-cba6-44c6-aaf1-8aa473777241,d3b31793-116e-4e6b-9e60-5ffd06aff9a5,user58,Wasitnya kontroversial banget.,null,2024-10-07 14:42:53,2024-10-25 16:08:30
23e7d3c2-3104-47e9-bb4c-f326f825d892,2adacfa9-e7b6-4adf-acfd-792498eea916,user10,Formasi ini cukup efektif.,null,2025-08-20 17:04:30,2025-08-27 09:30:05
71fdd661-0a20-46a6-82f8-f7714de64d96,82d7178f-468e-4c98-bc1c-db95e38d846a,user51,Permainan pertahanan masih lemah.,null,2025-05-22 06:35:13,2025-06-04 19:17:02
69a94c6f-c74d-41bb-afc0-425d79fa4639,6f74f959-e3e7-4648-9c30-e99adce42ebe,user4,Formasi ini cukup efektif.,null,2024-01-24 11:25:56,2024-02-17 16:51:38
8d70e943-bda8-417f-8664-c4553da1041c,af226cc9-1cea-4778-8981-1385c974668b,user72,Pelatih perlu rotasi pemain.,null,2024-02-06 03:55:43,2024-02-18 20:55:13
29080cb7-0357-4373-9848-7d30b4ae237a,908e4f92-ae48-48d1-87d8-e2f56b329bf7,user58,Pelatih perlu rotasi pemain.,null,2024-05-16 15:12:01,2024-06-15 08:05:19
369a4da2-4c1a-4837-b641-f7a26c176f57,8876251b-3822-4d9d-9a34-ac693fc14d3b,user63,Harusnya bisa menang lebih besar.,null,2025-05-07 06:03:42,2025-05-13 04:56:40
96aaf2f3-04dc-4445-934f-5646452534c1,b01c00d1-4c72-4781-ac9d-73349aee7036,user58,Sayang banget peluangnya gagal.,null,2025-06-11 22:23:35,2025-07-03 12:59:06
9d58a6df-de66-4ebf-856d-54bdc1aea40c,8823c7e8-4086-4df2-a6ae-b4406965cd3e,user41,Formasi ini cukup efektif.,null,2024-08-14 12:52:24,2024-08-17 16:31:58
17d6d678-ffbc-4bab-8338-85790d9f9188,6632a6d2-a70a-4932-a9a2-5e01a4ae13e6,user38,Harusnya bisa menang lebih besar.,null,2025-10-16 08:46:17,2025-10-24 00:16:41
42f91565-4fbe-47e1-a562-51c283e10a5e,82d7178f-468e-4c98-bc1c-db95e38d846a,user66,Permainan pertahanan masih lemah.,null,2025-03-13 06:11:04,2025-03-19 03:34:55
7b557f58-e149-4707-b583-bac8679b4032,9e697496-eff7-402e-bede-d29f55c9ef00,user31,Kiper tampil luar biasa.,null,2025-10-24 02:22:29,2025-10-25 08:59:52
25f6e310-3c9d-40a7-bd6b-1d67620c1bd8,aab9076a-f34c-4e4b-90ef-1ddeb2949dad,user74,Formasi ini cukup efektif.,null,2025-04-02 21:59:24,2025-04-25 14:33:26
0cda2e0f-75f6-437e-b206-4a3bd68c8d2b,48db662d-2e67-447a-998b-177727ab2abf,user79,Pelatih perlu rotasi pemain.,null,2024-03-20 10:46:00,2024-03-23 15:22:07
3a3f0574-46e0-44ba-aee1-ce3f8ec21167,3dba6f91-f510-4f01-929e-1cb6b66b32e9,user62,Pemain muda semakin berkembang.,null,2024-10-30 23:18:35,2024-11-19 21:55:14
9b2ce0c5-8c84-4147-8ece-faf816e8e151,693edb15-674e-4192-86b4-fbd9fc76ec96,user10,Sayang banget peluangnya gagal.,null,2024-04-14 01:54:58,2024-04-29 11:16:48
eaa0462a-8fb9-4474-b3d6-f8c6df9a2ed6,fa03a668-b60c-4224-be9e-d8816898e1a1,user60,Kiper tampil luar biasa.,null,2025-06-25 05:13:27,2025-07-20 07:59:32
f26b03cf-23d6-47a1-b729-fcf7fd2184c8,48db662d-2e67-447a-998b-177727ab2abf,user71,Harusnya bisa menang lebih besar.,null,2025-05-24 10:13:00,2025-06-21 23:02:13
c916bf2c-7e9a-49bb-94fe-3d1f25dd3e92,7b44e05a-412b-4ad4-bd93-59efcbb8eed9,user17,Mainnya bagus banget!,null,2025-07-01 02:02:03,2025-07-25 11:54:46
25d1d427-4b62-4a92-a744-dea39c5ced51,35ce7d8a-565c-45bb-94bb-fd30afd2f07b,user67,Harusnya bisa menang lebih besar.,null,2024-09-24 03:40:55,2024-10-08 22:00:45
32a0b2b3-1052-4d4a-9cf1-336c2e975f97,e8d2703f-423a-4022-ae37-573c6759f585,user42,Kiper tampil luar biasa.,null,2025-10-17 03:15:00,2025-10-28 01:56:30
0bdec742-89ab-4678-bd20-f5e6eb11a1ff,d41da983-f781-479f-9d3e-883f0aadf5e4,user37,Permainan pertahanan masih lemah.,null,2023-10-28 19:16:51,2023-11-09 23:15:25
c81f88d9-1f8a-49b6-b2c4-53cbf8d0c79b,555e1e37-bc97-4ae7-b5cf-5048d7457343,user71,Pelatih perlu rotasi pemain.,null,2024-04-16 14:40:00,2024-04-22 16:30:02
ae3013c7-8908-4d5d-a8a3-f837925008ab,96cb618d-ba2c-46df-ad01-fbcb73f9b922,user69,Harusnya bisa menang lebih besar.,null,2025-03-16 18:00:22,2025-04-10 03:32:46
c3657b17-d4f3-4c87-b8f2-2277827aaba7,9daea4a5-4e0e-40e7-95e8-a3f685f4d75e,user75,Masih perlu perbaikan di lini tengah.,null,2025-08-04 01:42:54,2025-08-12 09:10:41
f472bb78-6929-4c38-b03b-5971b7ebf95b,2728edad-5b1f-4aaa-85c8-b3f8442f0697,user78,Mainnya bagus banget!,null,2025-02-03 12:24:05,2025-03-02 21:03:50
e7040e68-c0a4-4958-9ad4-f9f9ca9c0ae7,8abc46eb-aa19-420a-bda5-43e3ab64188d,user11,Pelatih perlu rotasi pemain.,null,2025-06-24 17:06:55,2025-07-22 17:06:08
c75a8103-616f-4244-b0b5-6ed39582d396,99a768e5-01da-431e-a135-4d942361cc40,user27,Pemain muda semakin berkembang.,null,2025-08-14 09:45:52,2025-09-11 04:21:09
595a5f77-3813-4395-8ac1-c30d66391470,64a3c5db-23d7-4737-96b6-3a37982ca22d,user4,Pelatih perlu rotasi pemain.,null,2025-10-20 05:04:51,2025-11-15 16:43:28
52e6d3fa-90a1-426e-9326-f2bbb616a0d9,d0d561fe-bd45-4cc8-9b64-bb03bcdab4ab,user39,Pemain muda semakin berkembang.,null,2025-04-07 15:46:28,2025-04-19 13:04:40
78315171-459a-431d-9732-8f1d4405cdef,cb5588e0-a6b3-43e7-b33d-f73f9c913eb9,user59,Harusnya bisa menang lebih besar.,null,2023-09-16 10:21:30,2023-09-19 08:09:43
a2f80150-ebb8-42c2-a8dd-0969b4c1ee69,01bb7e35-ce68-491c-af8c-e634f7472a69,user54,Permainan pertahanan masih lemah.,null,2025-08-05 01:02:59,2025-08-27 14:09:50
9fcd9cfe-03b5-4543-b1f2-e823d7ce61ae,0678eaf7-9931-4b0e-9b2a-c09b13dffb1e,user78,Kiper tampil luar biasa.,null,2023-12-15 08:30:35,2023-12-30 12:41:41
4b7d3362-9636-4f2e-bc16-480e0850e308,f9991aab-f9e3-47a4-9f82-99f89d1f0268,user45,Kiper tampil luar biasa.,null,2024-11-07 11:31:59,2024-11-13 19:53:11
a2961e90-c669-4670-9ae0-ecaa8bddf713,5d6756fa-cf36-423c-b033-ecf5881cf5e8,user72,Permainan pertahanan masih lemah.,null,2024-06-18 22:20:43,2024-07-04 10:08:32
7386e74c-c355-41d8-b564-14565029dbdd,5c4fb000-f30f-49b2-bc01-01ad09cb2893,user16,Permainan pertahanan masih lemah.,null,2025-07-07 20:53:48,2025-07-29 16:42:50
9b95e5d2-a454-42fa-8779-3d44d2e72a00,8f36bb11-533e-414c-bb9d-21ba1999cef9,user13,Pemain muda semakin berkembang.,null,2023-11-21 08:16:50,2023-12-05 10:24:07
60e03985-7c2b-47d3-96de-2938e06d9e8d,96cb618d-ba2c-46df-ad01-fbcb73f9b922,user54,Kiper tampil luar biasa.,null,2025-05-15 21:14:13,2025-05-23 15:18:01
aac535e7-1cea-4c59-8548-a7ebf75c7b2a,693edb15-674e-4192-86b4-fbd9fc76ec96,user41,Wasitnya kontroversial banget.,null,2024-06-03 04:25:11,2024-06-10 22:04:01
b9ff6e74-9c89-44fc-962d-957ab24916e0,5d6756fa-cf36-423c-b033-ecf5881cf5e8,user60,Wasitnya kontroversial banget.,null,2025-04-19 20:29:17,2025-05-04 19:57:49
3687132e-55a3-4b73-b3d5-59a9164a2947,5c50ab94-1821-435a-a8f9-1a7819e94c0e,user12,Wasitnya kontroversial banget.,null,2025-06-14 15:16:55,2025-07-09 04:10:02
9188abc7-37be-4fe1-9b80-5f44fbfdcb25,03e9dc51-06d0-46f6-ba2b-0dede0c6affc,user28,Mainnya bagus banget!,null,2024-12-06 12:49:37,2024-12-23 15:58:46
f648279b-0c4b-4bb5-8beb-681daafd7a16,e6be87c1-b8ff-45b5-9037-62cce73515b7,user37,Wasitnya kontroversial banget.,null,2024-12-13 03:30:24,2025-01-11 03:39:59
35a874e5-2901-4f0a-89c1-ce898383e77c,eba488be-51c1-46cf-b39a-28afb76c616c,user69,Pemain muda semakin berkembang.,null,2023-10-04 16:38:50,2023-10-09 21:53:25
3cdf456a-b2ac-414d-9a1b-d5f941995bc8,9e697496-eff7-402e-bede-d29f55c9ef00,user34,Kiper tampil luar biasa.,null,2025-10-20 23:40:01,2025-11-09 13:29:31
5ceab730-93f7-41fe-bc06-69723c89c53d,5eb3ae8d-8745-4d65-9813-559d847d15f1,user52,Formasi ini cukup efektif.,null,2025-01-07 23:08:02,2025-02-04 15:33:36
53558364-9ce4-4a57-aae7-f6fad21b176f,f670320f-02be-455a-85f7-edcc96a1642e,user47,Sayang banget peluangnya gagal.,null,2025-10-11 17:13:00,2025-10-25 17:27:43
edf160e6-2cc5-422a-9dd2-f991976b2348,af226cc9-1cea-4778-8981-1385c974668b,user65,Pelatih perlu rotasi pemain.,null,2024-10-21 11:55:07,2024-11-17 04:32:54
b139e67b-929b-40ab-8ab5-dec3a2bbdfd3,64a3c5db-23d7-4737-96b6-3a37982ca22d,user79,Sayang banget peluangnya gagal.,null,2025-10-15 14:37:23,2025-10-21 20:31:36
765f0512-4f7e-4464-8fa3-f33223f9375b,3dba6f91-f510-4f01-929e-1cb6b66b32e9,user48,Formasi ini cukup efektif.,null,2025-05-28 01:35:26,2025-06-13 12:39:12
40fe572a-7ed0-4c12-9ce8-6bf4069188f4,82d7178f-468e-4c98-bc1c-db95e38d846a,user19,Formasi ini cukup efektif.,null,2025-02-21 16:43:32,2025-03-22 22:38:44
f22c3799-9ba3-4e6f-8534-09bf5aeeb5a8,b91fa018-1c48-4434-a0dc-895e1f8ee5a3,user65,Mainnya bagus banget!,null,2023-06-30 14:09:56,2023-07-02 18:56:52
d0d2cd1d-3e67-409e-b8eb-0b7992d95e0d,9e697496-eff7-402e-bede-d29f55c9ef00,user43,Wasitnya kontroversial banget.,null,2025-10-23 14:33:43,2025-11-17 19:37:42
94e905a8-f588-45b5-9539-6c260ad1c03f,e227a2ec-ea25-4c95-ab6b-b2d845dd6eb1,user78,Masih perlu perbaikan di lini tengah.,null,2025-01-09 21:55:14,2025-01-25 20:01:42
081dfb48-9243-4e86-94d6-52098e211331,568c8f7d-3ac0-4557-8887-350c0b3c4452,user21,Pelatih perlu rotasi pemain.,null,2025-03-24 01:12:03,2025-04-22 23:28:33
2646b474-c16e-4662-8ca4-a58d11964b81,9daea4a5-4e0e-40e7-95e8-a3f685f4d75e,user44,Formasi ini cukup efektif.,null,2025-09-07 08:32:45,2025-10-02 02:24:20
60bbaf1f-1258-478c-84b9-d01da79d65b8,4e9bae6d-08f4-4ab7-ab47-20bb994152f4,user73,Mainnya bagus banget!,null,2024-12-02 09:47:42,2024-12-25 11:05:05
3566c38f-99e0-4b10-8a2b-c2558fe39a56,e9ac6ecf-6cde-428b-9a10-1ba0961aa187,user43,Masih perlu perbaikan di lini tengah.,null,2024-01-17 01:35:54,2024-02-06 06:54:10
47fd5974-d7c6-48ed-97b4-7764f4a38eb0,4c975e95-3874-48fa-958f-f28080ffc07c,user4,Pelatih perlu rotasi pemain.,null,2025-07-28 06:44:46,2025-08-20 07:41:01
d28b09d0-8015-4766-9f7d-f6bcb6423e26,99a768e5-01da-431e-a135-4d942361cc40,user75,Mainnya bagus banget!,null,2025-03-20 08:29:53,2025-03-31 09:36:18
7cfc40e0-0a1c-4114-b750-0a2b9cc59d05,d4d4e757-6b4c-46ba-830d-9473ae51e754,user62,Masih perlu perbaikan di lini tengah.,null,2024-08-08 19:57:45,2024-09-03 06:44:14
f3d104a5-9eda-4652-bdae-65fbe45e20f0,9b1cd5b4-e763-4b2a-842f-687e0cb17f57,user49,Mainnya bagus banget!,null,2024-03-01 14:14:27,2024-03-13 08:25:13
2d02d9ab-dad8-429f-8e84-5c83b3942aa9,693edb15-674e-4192-86b4-fbd9fc76ec96,user15,Wasitnya kontroversial banget.,null,2024-06-03 22:08:00,2024-06-04 20:11:49
2ca6a30e-4852-41c5-8ede-988a0c36e88a,568c8f7d-3ac0-4557-8887-350c0b3c4452,user54,Permainan pertahanan masih lemah.,null,2024-12-20 06:02:25,2025-01-09 07:10:25
ba27ee5e-c65e-444a-a5b8-7a72b4e8e8b4,edaf82e2-eb11-4f3e-aa89-084646406b58,user65,Wasitnya kontroversial banget.,null,2025-10-24 22:21:25,2025-11-23 14:46:49
30842eb3-c205-451c-9528-16126bf418a9,d9112a16-6c5c-4a31-97d3-3256ad7a817f,user8,Permainan pertahanan masih lemah.,null,2025-09-30 13:21:14,2025-10-25 17:39:49
9a7af87f-054d-414a-a59c-d10e22320046,0671d796-9489-47c1-beca-66d5d193de43,user42,Pemain muda semakin berkembang.,null,2025-07-12 04:49:59,2025-08-06 17:03:29
1cdd4a2a-5faa-4abc-a20d-d17bc8991fa6,568c8f7d-3ac0-4557-8887-350c0b3c4452,user23,Kiper tampil luar biasa.,null,2025-04-18 22:58:24,2025-05-14 20:06:40
f39b98d1-86ce-41d1-8740-75668ea7073c,6632a6d2-a70a-4932-a9a2-5e01a4ae13e6,user46,Masih perlu perbaikan di lini tengah.,null,2025-10-24 16:47:19,2025-11-06 12:47:34
6bf8a175-9c0d-4d04-84fb-687b3209be89,0a4242c1-022a-453c-b9e4-ef732f484284,user25,Formasi ini cukup efektif.,null,2025-02-18 23:35:30,2025-03-04 12:39:27
e2086904-0df5-45e7-a826-80a59e1202dc,cb5588e0-a6b3-43e7-b33d-f73f9c913eb9,user29,Permainan pertahanan masih lemah.,null,2024-08-30 09:36:07,2024-09-13 10:18:58
0c241e0f-5e27-4b81-8f43-1888bd4e5f44,8876251b-3822-4d9d-9a34-ac693fc14d3b,user63,Kiper tampil luar biasa.,null,2025-06-21 15:17:54,2025-07-14 22:18:35
fb365b3f-95eb-4bf6-9574-96557323c1c4,0671d796-9489-47c1-beca-66d5d193de43,user36,Masih perlu perbaikan di lini tengah.,null,2024-09-19 03:26:09,2024-09-25 01:25:46
76df10c2-38cc-46e7-8e3a-a7ae2203479b,d3b31793-116e-4e6b-9e60-5ffd06aff9a5,user70,Kiper tampil luar biasa.,null,2024-10-14 09:26:52,2024-11-02 13:06:41
4cd1dcfd-cb2b-48a1-bce1-58185a7c800b,7b44e05a-412b-4ad4-bd93-59efcbb8eed9,user19,Pelatih perlu rotasi pemain.,null,2025-05-06 20:57:16,2025-05-08 21:57:55
d271d927-65b4-4574-b5dd-19b5345997a3,77f76575-13cd-4b45-842a-25097584d8bd,user11,Pelatih perlu rotasi pemain.,null,2024-08-31 12:01:08,2024-09-21 23:25:27
673d13b5-61e8-4c01-baba-04f25c9b58fb,1ceb3b10-1620-4a79-9883-c7f7aa7dd645,user62,Formasi ini cukup efektif.,null,2024-06-12 03:49:24,2024-06-21 23:14:58
58f83d52-172a-45c7-b400-3d4d86a6d2d5,0491479d-ec8d-4d0f-a53e-237da83ef53c,user72,Harusnya bisa menang lebih besar.,null,2025-04-16 00:13:26,2025-04-29 04:41:09
5fb8422c-252a-4816-8995-835bb2a64017,89d47a39-5854-49f9-99cb-3ebfd001c71e,user79,Permainan pertahanan masih lemah.,null,2025-09-08 15:13:02,2025-10-07 02:55:27
a4e26ac0-01d0-4323-8243-3534a709c9e4,9f754222-83f3-40f1-aba3-d9251b724879,user7,Permainan pertahanan masih lemah.,null,2025-06-04 02:25:10,2025-06-15 01:20:45
efef6482-df98-4522-8195-bbb9ac28645f,e6be87c1-b8ff-45b5-9037-62cce73515b7,user13,Wasitnya kontroversial banget.,null,2024-10-10 18:30:22,2024-10-26 19:19:33
16e1fe5d-d315-41dc-8890-4a075cba84aa,a1555e18-7da1-4fe5-89cb-981f52378ade,user18,Harusnya bisa menang lebih besar.,null,2025-01-26 23:19:55,2025-02-22 16:32:20
9717690c-67b4-4be2-bea2-c65dd199c383,edaf82e2-eb11-4f3e-aa89-084646406b58,user61,Pelatih perlu rotasi pemain.,null,2025-10-24 19:38:56,2025-11-03 12:01:54
94bbc2f0-188d-4628-bb29-ceca30b02cb0,15ad8a86-ca5c-47ac-a26f-463434d609d0,user37,Masih perlu perbaikan di lini tengah.,null,2025-07-25 11:47:20,2025-07-29 20:01:05
583d8931-2224-47f1-af62-052bf53e6b01,bb749909-a826-4a2e-8ed4-604ddefbe043,user69,Pemain muda semakin berkembang.,null,2023-05-03 22:04:19,2023-05-12 10:02:13
0ffb06f9-dd5c-4df9-b09b-24a4092d99ea,eb7b6f8c-20ac-482e-8454-09c09532f0f7,user5,Harusnya bisa menang lebih besar.,null,2025-03-13 22:43:37,2025-04-06 23:53:27
e5228f48-8dee-46b5-b624-bfadaec0c102,1ceb3b10-1620-4a79-9883-c7f7aa7dd645,user38,Pelatih perlu rotasi pemain.,null,2024-01-27 01:14:25,2024-01-27 12:02:14
fb533350-2698-4fd8-80d0-443f97a1af55,bc142b45-0d74-4dbc-93d6-818f3ba0c597,user78,Pelatih perlu rotasi pemain.,null,2025-09-08 22:57:23,2025-09-25 05:18:31
72bfcca5-9d77-42ec-a58f-7dac69c0ba04,21799082-e9b1-44e5-956c-7ba69ead7a5e,user70,Harusnya bisa menang lebih besar.,null,2025-06-02 13:44:22,2025-06-26 13:11:20
e6d02410-4966-4268-9184-f1fbb3fe36d2,53968840-853a-46a1-87a7-f74f6066e237,user60,Sayang banget peluangnya gagal.,null,2024-06-18 16:56:46,2024-06-28 01:35:15
2eb0e3eb-e50d-47f8-8f3d-e20e70ebd787,217d3a76-db7d-43a1-8405-54c79fc17ff1,user21,Harusnya bisa menang lebih besar.,null,2025-09-15 00:51:30,2025-09-27 12:35:37
049b7340-dcf9-4664-bef0-ae72a01d49e6,637db1a9-42d5-4f6f-b0f7-69e453867e16,user44,Masih perlu perbaikan di lini tengah.,null,2025-10-01 22:12:56,2025-10-16 05:56:37
e556d682-e213-4502-b245-13780f2a7a8f,d3b31793-116e-4e6b-9e60-5ffd06aff9a5,user25,Pemain muda semakin berkembang.,null,2024-05-08 18:53:51,2024-06-07 10:42:39
f1fcae24-83dd-4afc-be63-35f5bcfd8a94,3bc3a449-0f83-47d3-aba4-ef9599827617,user66,Pemain muda semakin berkembang.,null,2024-10-06 01:01:08,2024-10-10 06:04:32
448015c1-f1c3-4588-8e0d-0d2eaabbc859,edd6151d-177f-44bf-9be6-a55429b03063,user13,Wasitnya kontroversial banget.,null,2024-12-02 03:32:18,2024-12-08 23:21:46
ee92689a-02f8-4b71-985e-f8bba4347f38,15ad8a86-ca5c-47ac-a26f-463434d609d0,user32,Pemain muda semakin berkembang.,null,2025-07-15 07:54:07,2025-07-27 23:44:19
44b43ace-2e01-4228-a601-a6588dd0b44b,03e9dc51-06d0-46f6-ba2b-0dede0c6affc,user58,Kiper tampil luar biasa.,null,2025-04-17 21:32:49,2025-04-30 20:37:04
701233da-070d-4e6e-bf48-55e9c4a4fff7,cb5588e0-a6b3-43e7-b33d-f73f9c913eb9,user75,Kiper tampil luar biasa.,null,2023-06-12 20:04:55,2023-06-25 12:48:48
deab0f64-bff8-4b97-bfcf-43d80f43871e,8876251b-3822-4d9d-9a34-ac693fc14d3b,user31,Wasitnya kontroversial banget.,null,2025-03-14 15:18:18,2025-03-20 09:02:48
86932391-7d0e-44d1-8539-56f7da078593,4c975e95-3874-48fa-958f-f28080ffc07c,user21,Pelatih perlu rotasi pemain.,null,2025-05-14 21:54:07,2025-06-08 07:22:50
8c6ebf88-b3a5-4502-89b1-72c4426febee,8876251b-3822-4d9d-9a34-ac693fc14d3b,user16,Kiper tampil luar biasa.,null,2025-10-24 13:29:07,2025-11-07 21:13:44
acc0c5a8-d43b-4c32-91f8-2cad7ed75b1f,96cb618d-ba2c-46df-ad01-fbcb73f9b922,user29,Wasitnya kontroversial banget.,null,2025-05-04 13:37:00,2025-05-11 01:14:08
998c2713-c359-462d-a4d5-52a0127408aa,e227a2ec-ea25-4c95-ab6b-b2d845dd6eb1,user59,Formasi ini cukup efektif.,null,2025-07-10 13:05:09,2025-07-30 17:34:51
9682dc32-62f5-4d32-b623-d8e021f6553c,43d61102-0137-4cb4-9059-a4ba70bc3bdf,user69,Masih perlu perbaikan di lini tengah.,null,2024-02-14 23:55:24,2024-02-27 00:14:29
74e9ee43-8532-4f36-9dd7-cb39d171d5c1,37214782-11cb-4189-89bb-93303ffce95d,user68,Kiper tampil luar biasa.,null,2025-01-26 03:50:28,2025-02-20 19:12:26
4da09e3b-9c36-4db4-8b56-5ae7f1336c2f,b01c00d1-4c72-4781-ac9d-73349aee7036,user73,Formasi ini cukup efektif.,null,2025-05-31 04:41:13,2025-06-03 04:38:25
f144a634-9bb0-4a55-9cfa-443ec3b5dd68,53968840-853a-46a1-87a7-f74f6066e237,user26,Harusnya bisa menang lebih besar.,null,2025-02-06 14:49:38,2025-03-04 16:04:53
effdf4a3-d40d-4fdc-8d2d-5961095cfcc4,7ad9aa8b-2620-4f87-88b4-67ba5429d34c,user42,Sayang banget peluangnya gagal.,null,2025-06-16 03:00:52,2025-07-07 13:47:45
c11fec8e-6bea-4b73-b805-43f7b40b4da6,8823c7e8-4086-4df2-a6ae-b4406965cd3e,user27,Sayang banget peluangnya gagal.,null,2025-08-15 17:14:27,2025-09-08 10:46:00
29f10be9-e2c2-4994-a47b-667b27814e91,5d6756fa-cf36-423c-b033-ecf5881cf5e8,user58,Harusnya bisa menang lebih besar.,null,2024-05-10 16:03:35,2024-06-01 16:20:47
e46a499a-1698-4db1-b063-733d81c7e802,5d6756fa-cf36-423c-b033-ecf5881cf5e8,user54,Mainnya bagus banget!,null,2025-03-18 06:16:26,2025-04-14 15:16:40
1cfc3ac7-f90f-407a-bf50-3d24870d8488,0671d796-9489-47c1-beca-66d5d193de43,user60,Pemain muda semakin berkembang.,null,2024-10-20 19:15:51,2024-10-21 20:37:42
4eff2724-32a0-44ab-9f0a-4d7ef9fcda4a,82788d89-82e6-4adc-ad0e-a65f2d6d543c,user1,Masih perlu perbaikan di lini tengah.,null,2025-10-09 01:52:40,2025-10-19 15:45:04
ae096c14-1809-4e58-9cb5-816589dcf401,b01c00d1-4c72-4781-ac9d-73349aee7036,user6,Sayang banget peluangnya gagal.,null,2025-07-30 16:19:44,2025-08-16 09:44:02
6888801a-0707-4fd1-817d-2301e16c2d9f,6632a6d2-a70a-4932-a9a2-5e01a4ae13e6,user8,Mainnya bagus banget!,null,2025-10-10 18:14:26,2025-11-02 16:14:36
32c92796-7c57-484b-9eca-af9c3e1489a9,eba488be-51c1-46cf-b39a-28afb76c616c,user53,Pemain muda semakin berkembang.,null,2024-02-15 03:18:16,2024-02-21 17:05:25
eb637633-2a31-4b84-a250-eae00058775c,e9ac6ecf-6cde-428b-9a10-1ba0961aa187,user49,Pemain muda semakin berkembang.,null,2025-06-26 13:55:10,2025-07-14 21:44:04
96407d7a-7d23-4b6d-9422-26a97a5080fc,37214782-11cb-4189-89bb-93303ffce95d,user70,Sayang banget peluangnya gagal.,null,2024-05-27 10:57:53,2024-06-13 08:08:45
00fc05c4-bb2d-4a22-8ced-9eeba06049a1,eb7b6f8c-20ac-482e-8454-09c09532f0f7,user69,Harusnya bisa menang lebih besar.,null,2025-03-07 19:59:04,2025-04-02 12:07:50
21fb752f-2bd4-4595-a706-91a346c0b39b,f9991aab-f9e3-47a4-9f82-99f89d1f0268,user29,Mainnya bagus banget!,null,2025-10-12 05:07:11,2025-10-12 09:09:59
38ff7fbb-e55a-47d7-be12-d6c0c7993e43,cb5588e0-a6b3-43e7-b33d-f73f9c913eb9,user60,Formasi ini cukup efektif.,null,2025-09-17 20:07:13,2025-10-08 10:15:54
677d75a2-0a40-4a02-a9a1-8b30ba17c3ab,22966851-d850-4b88-99cf-ed127cc338ef,user30,Kiper tampil luar biasa.,null,2025-01-21 00:03:18,2025-02-12 08:43:20
e67b727c-561f-42fe-96bf-90a923c68dfc,e227a2ec-ea25-4c95-ab6b-b2d845dd6eb1,user36,Mainnya bagus banget!,null,2025-02-16 17:44:39,2025-02-22 05:13:03
1c1b0483-3839-47f1-9e4d-1fe92ff2ed77,fb75ea9d-a6af-491e-96ef-4ddeb6eec518,user54,Permainan pertahanan masih lemah.,null,2025-10-11 10:37:09,2025-10-12 04:50:52
ded9b78a-696c-46fa-bd63-08d6aeda5e80,7ba9e3be-f7c7-4f23-8591-e720272a3feb,user9,Mainnya bagus banget!,null,2024-02-03 05:13:12,2024-03-03 01:12:54
6d8c68cd-1e05-4bb7-ace4-236cbd212cde,fa03a668-b60c-4224-be9e-d8816898e1a1,user77,Permainan pertahanan masih lemah.,null,2025-06-18 22:30:08,2025-06-21 07:12:51
1e91560f-4705-4933-88b7-c8c93f57ae86,d9112a16-6c5c-4a31-97d3-3256ad7a817f,user6,Permainan pertahanan masih lemah.,null,2025-10-13 09:08:58,2025-11-03 16:34:41
29cba421-7d19-4950-8558-caa6aea92da7,6632a6d2-a70a-4932-a9a2-5e01a4ae13e6,user28,Formasi ini cukup efektif.,null,2025-10-10 10:54:54,2025-10-17 06:11:05
f28859d7-7950-49ac-b894-34e65279f054,fca5281a-1230-47f5-bffe-9db17c614020,user30,Kiper tampil luar biasa.,null,2025-10-23 22:48:34,2025-11-20 22:01:35
c4d9bd8e-4929-498a-806c-cd02f39d9a5c,693edb15-674e-4192-86b4-fbd9fc76ec96,user77,Permainan pertahanan masih lemah.,null,2025-08-29 18:48:42,2025-09-14 08:24:48
43cf5cf7-f763-4e23-9b6c-7747d128d0ca,cb5588e0-a6b3-43e7-b33d-f73f9c913eb9,user19,Pemain muda semakin berkembang.,null,2025-08-12 19:22:29,2025-08-23 12:54:29
4c63aa84-d923-486a-9195-51de41ac0aab,cb5588e0-a6b3-43e7-b33d-f73f9c913eb9,user36,Masih perlu perbaikan di lini tengah.,null,2023-08-28 18:23:32,2023-09-24 19:00:57
65c1a043-6875-4f3b-bc85-585b625c9e7d,d9112a16-6c5c-4a31-97d3-3256ad7a817f,user23,Formasi ini cukup efektif.,null,2025-10-24 05:48:40,2025-11-13 23:32:09
81d04291-9f6c-48e9-b4f8-59ad850b0abe,a6a022ad-bf91-4133-a949-3667c89facdb,user7,Formasi ini cukup efektif.,null,2025-08-03 13:05:41,2025-08-22 01:10:19
51317e90-a5c5-4865-8cd0-f7b02ba30e42,568c8f7d-3ac0-4557-8887-350c0b3c4452,user54,Pelatih perlu rotasi pemain.,null,2025-03-29 23:51:00,2025-04-06 05:42:04
d31032a0-c3c6-433b-98a4-d9cc6cb97538,22966851-d850-4b88-99cf-ed127cc338ef,user24,Wasitnya kontroversial banget.,null,2025-08-05 20:44:36,2025-08-31 23:28:30
c28d7be4-8778-4b38-ab75-7b0148e0c2fd,03e9dc51-06d0-46f6-ba2b-0dede0c6affc,user29,Wasitnya kontroversial banget.,null,2024-05-01 00:38:16,2024-05-08 00:49:11
e9c3e9fa-0086-48d3-ae03-15f3bbdff086,5110774e-a9a5-4d42-8fc1-8ad0f01680e6,user72,Formasi ini cukup efektif.,null,2025-08-10 04:32:14,2025-08-30 09:48:14
7b3cbd18-7148-492f-9328-0627fdb53839,c70dcc5c-8f25-459e-92f2-dab95153e668,user18,Pelatih perlu rotasi pemain.,null,2025-04-13 01:09:18,2025-04-24 20:06:20
20767cf2-aabd-4114-b175-0889e7dd3b05,7ba9e3be-f7c7-4f23-8591-e720272a3feb,user43,Kiper tampil luar biasa.,null,2023-12-31 07:28:38,2024-01-22 03:31:00
41caeb4d-be17-4840-8501-12bf36e7c152,15bef749-9f3f-4285-97e1-c9b03fd5ec95,user69,Pelatih perlu rotasi pemain.,null,2023-10-24 18:59:28,2023-10-27 07:02:08
8e108ac5-ab23-4fb3-8b4d-7d8b98dcc81f,22966851-d850-4b88-99cf-ed127cc338ef,user78,Sayang banget peluangnya gagal.,null,2025-06-08 00:42:59,2025-06-09 22:47:33
70e91b93-e273-490e-aafc-58b6422b0589,f670320f-02be-455a-85f7-edcc96a1642e,user76,Wasitnya kontroversial banget.,null,2025-10-20 11:01:37,2025-10-30 23:52:10
b44b897f-cb02-47bb-87b1-be06094a6c4a,7ba9e3be-f7c7-4f23-8591-e720272a3feb,user43,Permainan pertahanan masih lemah.,null,2024-12-13 11:11:12,2024-12-14 05:03:06
5d10544f-95a0-4a78-be5a-d4d94322b3f1,f670320f-02be-455a-85f7-edcc96a1642e,user16,Masih perlu perbaikan di lini tengah.,null,2025-06-18 07:02:07,2025-06-30 01:40:36
98924453-17e4-4ec0-9614-7f0f1dfe124d,908e4f92-ae48-48d1-87d8-e2f56b329bf7,user27,Formasi ini cukup efektif.,null,2025-02-23 10:57:00,2025-03-07 01:47:26
d97bcf33-c2fa-4d8b-a701-7723fd7a6581,15ad8a86-ca5c-47ac-a26f-463434d609d0,user37,Formasi ini cukup efektif.,null,2025-09-25 22:05:01,2025-10-18 13:18:17
2c56c94c-c493-48a9-b0ea-11958e0a4770,99a768e5-01da-431e-a135-4d942361cc40,user46,Kiper tampil luar biasa.,null,2024-08-23 06:01:14,2024-09-04 22:45:42
5c235cc7-4c73-4e75-ab32-92ee657e1612,5d6756fa-cf36-423c-b033-ecf5881cf5e8,user64,Wasitnya kontroversial banget.,null,2025-03-25 09:52:43,2025-03-30 04:45:55
8cc15b74-21d8-45ca-96fe-c57f81d56e3d,2adacfa9-e7b6-4adf-acfd-792498eea916,user41,Kiper tampil luar biasa.,null,2025-03-29 17:01:18,2025-04-16 16:55:27
2c4514fb-a7ea-4eb4-a21f-e2b3b9f14635,edaf82e2-eb11-4f3e-aa89-084646406b58,user6,Harusnya bisa menang lebih besar.,null,2025-10-24 20:25:23,2025-11-04 14:13:33
62a84634-2f39-4da0-bc16-ac0067b0b8f2,5c50ab94-1821-435a-a8f9-1a7819e94c0e,user34,Masih perlu perbaikan di lini tengah.,null,2025-10-16 23:11:29,2025-11-14 07:38:16
c9ffb00c-4f0e-4118-8207-184f5dca6cbf,2728edad-5b1f-4aaa-85c8-b3f8442f0697,user54,Permainan pertahanan masih lemah.,null,2024-11-29 14:35:50,2024-12-07 00:10:09
5d1feef0-dff5-437d-a54a-c4198bea6de3,217d3a76-db7d-43a1-8405-54c79fc17ff1,user30,Permainan pertahanan masih lemah.,null,2025-08-15 07:49:43,2025-09-11 23:40:53
22e9a743-48aa-429b-9b8e-c2715a72ed08,a6a022ad-bf91-4133-a949-3667c89facdb,user71,Wasitnya kontroversial banget.,null,2025-07-31 21:14:35,2025-08-13 09:03:01
6038e15d-b404-493c-b053-6eb3a1478f12,2728edad-5b1f-4aaa-85c8-b3f8442f0697,user63,Kiper tampil luar biasa.,null,2025-08-13 21:58:53,2025-08-22 01:59:16
284b668c-40c4-4fed-8183-b2f2e0fecf42,7ad9aa8b-2620-4f87-88b4-67ba5429d34c,user18,Harusnya bisa menang lebih besar.,null,2025-07-26 19:59:59,2025-08-19 12:55:46
138303e1-ddb8-47e0-a62a-b17bbe20da3a,6632a6d2-a70a-4932-a9a2-5e01a4ae13e6,user8,Sayang banget peluangnya gagal.,null,2025-10-21 19:15:14,2025-10-23 10:39:41
4bf3a7a3-f9af-40e8-b435-a0f47389ef6a,edd6151d-177f-44bf-9be6-a55429b03063,user7,Harusnya bisa menang lebih besar.,null,2024-07-16 13:58:13,2024-08-05 14:26:31
c915208d-d3ee-4189-8810-b516d466d1f3,dc84b4bd-9282-4c4c-944d-ab06d43d9715,user30,Mainnya bagus banget!,null,2025-05-03 15:17:32,2025-05-10 23:15:16
0b7d2a6b-dbae-48e6-9c14-2562ef847876,f35a85cc-b9ef-4dfc-bbb5-570463279dbd,user65,Mainnya bagus banget!,null,2025-10-04 11:07:40,2025-10-22 13:56:17
f49dad3f-cdc9-4363-841b-30c95cc5bd04,64a3c5db-23d7-4737-96b6-3a37982ca22d,user79,Mainnya bagus banget!,null,2025-10-20 00:45:37,2025-11-12 17:09:06
f0061c2c-845d-477d-a953-64229c2ab21f,c67049ba-5b57-4eb9-bf8c-7da6b4a24ed1,user69,Mainnya bagus banget!,null,2025-10-21 10:00:06,2025-11-10 09:14:44
9815eb46-cf5e-4bda-b196-3656cf68ea11,5c50ab94-1821-435a-a8f9-1a7819e94c0e,user68,Pelatih perlu rotasi pemain.,null,2025-03-14 14:15:17,2025-04-09 14:26:05
5680e76b-0b9c-4b51-bfaf-88ddd08ed45d,5c50ab94-1821-435a-a8f9-1a7819e94c0e,user65,Sayang banget peluangnya gagal.,null,2025-07-13 15:10:57,2025-07-22 08:02:36
bc9511bc-e437-439a-b66a-faf5b4f66c13,a1555e18-7da1-4fe5-89cb-981f52378ade,user68,Permainan pertahanan masih lemah.,null,2025-03-23 18:51:45,2025-04-04 11:36:41
a95c6e2e-f829-4c6f-8dd9-3c7bc44626a6,64a3c5db-23d7-4737-96b6-3a37982ca22d,user68,Pelatih perlu rotasi pemain.,null,2025-10-17 05:32:20,2025-11-03 10:29:33
5ef33a60-0a1f-43ef-a608-59bf5843cabd,3dba6f91-f510-4f01-929e-1cb6b66b32e9,user11,Wasitnya kontroversial banget.,null,2024-07-04 09:49:04,2024-07-24 02:52:26
9d4649be-4890-46b1-be9c-4504f5fcf9f6,bc142b45-0d74-4dbc-93d6-818f3ba0c597,user32,Sayang banget peluangnya gagal.,null,2025-09-20 11:12:47,2025-10-05 00:42:31
0a732456-0dc5-4206-85cb-95b9b93a9a9f,99a768e5-01da-431e-a135-4d942361cc40,user5,Pemain muda semakin berkembang.,null,2024-03-09 07:35:17,2024-03-28 23:46:17
1685f9df-3aea-47c1-acba-42cf9af87de7,22966851-d850-4b88-99cf-ed127cc338ef,user71,Mainnya bagus banget!,null,2025-04-19 17:45:53,2025-04-22 11:08:36
e2bec82a-8495-4e82-a240-1c95e12a1a33,7adbf283-5819-4cbd-8be8-383a29366c10,user22,Pemain muda semakin berkembang.,null,2024-11-12 13:57:18,2024-12-06 20:19:56
40798ce4-2601-43e1-a735-0bce8184b94d,d0d561fe-bd45-4cc8-9b64-bb03bcdab4ab,user43,Formasi ini cukup efektif.,null,2025-05-09 20:34:06,2025-05-14 11:40:22
c1de754c-6468-425a-abfb-9fde7a09fd1d,5eb3ae8d-8745-4d65-9813-559d847d15f1,user30,Wasitnya kontroversial banget.,null,2025-03-11 04:51:34,2025-04-07 17:12:39
f29604ea-f9ab-496a-aaea-816ef147a08f,0491479d-ec8d-4d0f-a53e-237da83ef53c,user6,Pelatih perlu rotasi pemain.,null,2025-10-10 02:13:39,2025-10-13 16:50:57
8fd989ff-e160-4cf3-84c7-5413228e66bb,6632a6d2-a70a-4932-a9a2-5e01a4ae13e6,user73,Kiper tampil luar biasa.,null,2025-10-09 21:12:03,2025-10-18 14:09:50
602882d5-b442-43c4-8e1f-ffcf1a6d5998,5c50ab94-1821-435a-a8f9-1a7819e94c0e,user27,Sayang banget peluangnya gagal.,null,2024-12-03 04:38:30,2024-12-22 12:41:24
e0ddc358-12cd-4b79-9196-55fb90f7145c,cb5588e0-a6b3-43e7-b33d-f73f9c913eb9,user21,Masih perlu perbaikan di lini tengah.,null,2025-10-18 03:36:45,2025-10-29 19:46:58
8e987f65-6c8e-4214-a406-782ff700e009,af226cc9-1cea-4778-8981-1385c974668b,user70,Harusnya bisa menang lebih besar.,null,2024-07-21 08:35:49,2024-08-08 23:48:36
c594eaa7-7628-4aef-8014-ffe130fd25a9,8876251b-3822-4d9d-9a34-ac693fc14d3b,user11,Mainnya bagus banget!,null,2025-08-31 23:59:31,2025-09-17 18:56:50
3842440f-8303-4ffe-801f-5f256cc256f1,a1555e18-7da1-4fe5-89cb-981f52378ade,user56,Kiper tampil luar biasa.,null,2025-04-25 02:46:35,2025-04-28 19:20:38
65735359-083e-43b4-a517-7275b7de68d1,1103888a-f075-4254-aa25-e4bcfa2fe18d,user79,Kiper tampil luar biasa.,null,2025-08-20 11:40:44,2025-09-08 17:52:17
99d07dcd-d553-42d3-895e-287877f780e4,8abc46eb-aa19-420a-bda5-43e3ab64188d,user35,Permainan pertahanan masih lemah.,null,2025-09-11 08:57:50,2025-10-05 04:33:30
a043edcd-c3a0-46ad-b91a-fcec38b42579,0a2e7e14-be7c-4cbc-93be-c6077977b450,user71,Pemain muda semakin berkembang.,null,2025-10-13 10:19:57,2025-10-31 15:44:11
a4f3eca8-931b-4c0b-910a-b16bad73d0ee,223cde9a-f91a-4a5c-9060-53c3807b6d42,user75,Sayang banget peluangnya gagal.,null,2025-04-10 11:09:06,2025-04-28 21:58:06
77b3b713-00f8-43fd-b26d-04514bae202b,7b44e05a-412b-4ad4-bd93-59efcbb8eed9,user80,Sayang banget peluangnya gagal.,null,2025-05-08 18:52:33,2025-05-20 18:00:38
5c29adcd-e637-409e-99d6-eb8e7995b775,37214782-11cb-4189-89bb-93303ffce95d,user35,Harusnya bisa menang lebih besar.,null,2024-06-12 22:44:32,2024-07-01 09:28:27
3cacdb4f-18f5-4fd0-869e-428e6f42c9bf,d9112a16-6c5c-4a31-97d3-3256ad7a817f,user50,Sayang banget peluangnya gagal.,null,2025-10-09 05:25:59,2025-10-26 17:40:45
fedb3193-c73e-41ca-abbf-d60ba8afb630,15bef749-9f3f-4285-97e1-c9b03fd5ec95,user1,Kiper tampil luar biasa.,null,2024-04-24 18:21:55,2024-05-16 08:31:12
9f728fe2-1cbf-4fa1-bbd8-acc5d4bfbe70,2adacfa9-e7b6-4adf-acfd-792498eea916,user35,Sayang banget peluangnya gagal.,null,2025-02-18 12:36:08,2025-02-24 22:59:02
fcc9cd2d-d6ae-4e0c-943d-21f0c4b08951,223cde9a-f91a-4a5c-9060-53c3807b6d42,user56,Formasi ini cukup efektif.,null,2024-10-27 22:23:14,2024-11-23 23:19:18
99e99caa-5391-4b74-a64d-b7b0f21c70df,5d6756fa-cf36-423c-b033-ecf5881cf5e8,user53,Sayang banget peluangnya gagal.,null,2024-06-16 16:27:11,2024-06-17 23:03:01
80ef7162-09cc-4ec5-8ee6-efa3c2f9c61c,0a2e7e14-be7c-4cbc-93be-c6077977b450,user71,Masih perlu perbaikan di lini tengah.,null,2024-11-18 01:40:02,2024-12-17 01:08:05
0e002838-e1e4-493f-b787-4d0dde264a8c,15ad8a86-ca5c-47ac-a26f-463434d609d0,user50,Pemain muda semakin berkembang.,null,2025-07-16 09:34:58,2025-07-30 13:36:34
54d9a38f-0484-4c31-acab-1a49b336b2be,af226cc9-1cea-4778-8981-1385c974668b,user11,Permainan pertahanan masih lemah.,null,2025-05-22 16:46:23,2025-06-18 20:40:49
34eee024-2426-40f8-97dd-931e82a4f009,693edb15-674e-4192-86b4-fbd9fc76ec96,user67,Harusnya bisa menang lebih besar.,null,2024-05-18 10:54:38,2024-06-05 22:29:43
748bef72-4073-403d-aad9-78127daa31b0,9e697496-eff7-402e-bede-d29f55c9ef00,user35,Wasitnya kontroversial banget.,null,2025-10-19 10:00:28,2025-11-01 10:43:27
c06602dd-870a-4f96-b896-dc6001104c6e,8f36bb11-533e-414c-bb9d-21ba1999cef9,user9,Pelatih perlu rotasi pemain.,null,2024-02-19 21:54:05,2024-03-12 00:20:09
811099da-8a65-4c41-b1ba-c8afc00e55db,b0a6e902-2b8b-4baa-9671-b12dcf2a4f08,user39,Kiper tampil luar biasa.,null,2025-05-14 13:30:01,2025-05-18 07:07:12
ae4b4900-a631-4098-b763-b2892671b8cd,82788d89-82e6-4adc-ad0e-a65f2d6d543c,user32,Masih perlu perbaikan di lini tengah.,null,2025-09-19 17:36:52,2025-10-13 19:15:58
6a86277d-aa5c-4941-af59-254fba2b040f,96cb618d-ba2c-46df-ad01-fbcb73f9b922,user26,Harusnya bisa menang lebih besar.,null,2025-08-05 06:46:12,2025-08-10 11:24:06
9e76d45b-30e8-44c4-ae5d-8ad62ef2fc3a,cb5588e0-a6b3-43e7-b33d-f73f9c913eb9,user1,Masih perlu perbaikan di lini tengah.,null,2025-01-29 18:11:35,2025-02-14 21:15:14
c2cb34bf-3982-49a5-84e0-300bc4603bc4,22966851-d850-4b88-99cf-ed127cc338ef,user43,Pemain muda semakin berkembang.,null,2025-04-05 20:15:03,2025-04-22 02:14:48
9a77f90c-93de-40f8-ac23-a1df3527074e,99a768e5-01da-431e-a135-4d942361cc40,user77,Kiper tampil luar biasa.,null,2024-04-11 10:09:23,2024-04-26 00:11:19
089e3b63-80b9-484a-b500-28101e97d6e0,1103888a-f075-4254-aa25-e4bcfa2fe18d,user26,Harusnya bisa menang lebih besar.,null,2025-05-21 22:07:03,2025-06-06 04:10:03
7091ef15-9e40-4dab-94d8-b9628bb4ac84,3dba6f91-f510-4f01-929e-1cb6b66b32e9,user41,Masih perlu perbaikan di lini tengah.,null,2024-05-02 00:37:11,2024-05-25 20:41:04
1d6a61db-e9df-4e68-aa3b-e940b541b1bc,9f754222-83f3-40f1-aba3-d9251b724879,user42,Pemain muda semakin berkembang.,null,2024-10-06 08:06:56,2024-10-19 22:41:20
0f95de16-9299-410d-bb92-3edc48c5cc13,82d7178f-468e-4c98-bc1c-db95e38d846a,user15,Formasi ini cukup efektif.,null,2025-02-22 06:33:38,2025-03-23 00:33:18
506192cb-24d1-4f84-93d9-0d019c2bdcf8,223cde9a-f91a-4a5c-9060-53c3807b6d42,user71,Permainan pertahanan masih lemah.,null,2023-12-05 05:05:14,2023-12-27 14:54:57
6f1bf685-93c6-4dda-a290-8fc88e83879d,01bb7e35-ce68-491c-af8c-e634f7472a69,user38,Wasitnya kontroversial banget.,null,2025-02-24 20:06:27,2025-03-16 16:47:31
e2962abc-1c3b-4e8a-8cbe-168ee4067e8b,9e697496-eff7-402e-bede-d29f55c9ef00,user39,Harusnya bisa menang lebih besar.,null,2025-10-17 23:34:25,2025-10-30 05:58:08
9667b43b-03ca-4928-bc28-cdc35f867a44,77f76575-13cd-4b45-842a-25097584d8bd,user55,Wasitnya kontroversial banget.,null,2024-10-18 01:53:16,2024-10-21 16:03:48
bc1e02b0-b7b4-48c2-bcf8-66cdd9d81cf0,ae0b8ab9-2753-45c3-98c4-dd917d057e18,user62,Formasi ini cukup efektif.,null,2025-10-21 20:04:40,2025-11-10 07:02:58
c5a45044-be7b-44a4-8fa2-9e54706bf274,53968840-853a-46a1-87a7-f74f6066e237,user54,Kiper tampil luar biasa.,null,2025-01-15 01:10:32,2025-01-16 20:00:36
d5193923-a178-4fad-9a9b-014a2b565f7a,7adbf283-5819-4cbd-8be8-383a29366c10,user69,Permainan pertahanan masih lemah.,null,2024-11-14 08:45:08,2024-11-19 16:10:36
f391800f-9305-447f-a191-53b6f250d5c5,fb75ea9d-a6af-491e-96ef-4ddeb6eec518,user46,Mainnya bagus banget!,null,2024-10-28 00:23:39,2024-11-26 18:12:56
086a5f70-487e-4ca3-98b1-51f053508a5f,bc142b45-0d74-4dbc-93d6-818f3ba0c597,user52,Sayang banget peluangnya gagal.,null,2025-09-30 17:36:14,2025-10-21 15:07:15
2e50af10-a701-4026-bc21-041e50426282,637db1a9-42d5-4f6f-b0f7-69e453867e16,user13,Formasi ini cukup efektif.,null,2025-03-09 07:20:36,2025-03-20 01:59:36
d73113de-1158-4e20-87ab-5c5655c66bc8,1ceb3b10-1620-4a79-9883-c7f7aa7dd645,user67,Masih perlu perbaikan di lini tengah.,null,2025-03-06 08:34:17,2025-04-03 12:55:27
1b0f245e-ee87-4a06-a395-b65ad7f3cc70,b6a2ebf2-c755-4a7c-a1e1-b6fdc25fb3f3,user58,Wasitnya kontroversial banget.,null,2025-08-01 23:38:49,2025-08-20 23:21:04
255cdc09-f911-425f-8ae2-c19464227b44,7b44e05a-412b-4ad4-bd93-59efcbb8eed9,user76,Harusnya bisa menang lebih besar.,null,2025-10-09 05:04:54,2025-11-02 12:09:59
02c515ef-5a4b-44d2-8986-081b337bb746,983a395b-ee26-4cd5-b497-c1e0130d464a,user4,Pelatih perlu rotasi pemain.,null,2025-06-30 06:40:10,2025-07-05 08:28:41
e32f380e-6955-49fe-89d9-c7e5b303972f,b0a6e902-2b8b-4baa-9671-b12dcf2a4f08,user11,Kiper tampil luar biasa.,null,2024-12-22 13:58:55,2024-12-29 11:02:43
d70d7b29-25dd-49e4-97df-71810b689d76,4c975e95-3874-48fa-958f-f28080ffc07c,user44,Formasi ini cukup efektif.,null,2025-06-03 07:09:10,2025-06-13 08:10:14
460ead8c-9c70-4ed2-8dd2-8343333feb70,0a4242c1-022a-453c-b9e4-ef732f484284,user45,Wasitnya kontroversial banget.,null,2025-05-19 04:01:24,2025-05-23 21:45:44
a4228048-ef7f-43fb-844d-df3d7b73217f,2728edad-5b1f-4aaa-85c8-b3f8442f0697,user58,Pelatih perlu rotasi pemain.,null,2025-01-05 10:50:17,2025-01-08 17:06:06
e34d4fe8-f64a-4cfb-9fac-bd2c5eeb8a61,5eb3ae8d-8745-4d65-9813-559d847d15f1,user15,Sayang banget peluangnya gagal.,null,2024-12-27 20:49:05,2025-01-13 12:31:58
4a28e763-bba9-4edb-8326-0d5bcb53375b,d3b31793-116e-4e6b-9e60-5ffd06aff9a5,user22,Formasi ini cukup efektif.,null,2025-07-21 15:09:35,2025-08-02 11:20:20
bd05586e-4b85-4f71-a221-4c67b5e565e7,eb7b6f8c-20ac-482e-8454-09c09532f0f7,user71,Formasi ini cukup efektif.,null,2024-03-10 23:59:19,2024-03-27 01:37:10
e6df17c7-9a08-4a0d-8508-8bee0f9a7323,3bc3a449-0f83-47d3-aba4-ef9599827617,user60,Harusnya bisa menang lebih besar.,null,2024-05-09 19:13:41,2024-05-29 11:08:33
34568c6b-b1d1-4dc1-8168-16a2d1d88bb9,223cde9a-f91a-4a5c-9060-53c3807b6d42,user56,Masih perlu perbaikan di lini tengah.,null,2024-09-16 13:31:29,2024-09-17 23:32:10
462a8039-c40f-4d31-aa54-2730780c8a9a,5be9f1bd-8692-41e3-82e7-8a3e105def3f,user58,Pemain muda semakin berkembang.,null,2025-08-16 20:30:00,2025-09-06 16:57:55
a5c6d360-0b2e-4a5a-9c56-1781451d19db,c67049ba-5b57-4eb9-bf8c-7da6b4a24ed1,user28,Sayang banget peluangnya gagal.,null,2025-08-15 06:10:53,2025-08-28 18:28:35
3266fb02-eba8-4200-858e-762df919a9ab,693edb15-674e-4192-86b4-fbd9fc76ec96,user14,Harusnya bisa menang lebih besar.,null,2025-09-19 17:27:35,2025-10-15 18:58:50
edba8cf5-faba-47b1-91bc-4b790dc7fb97,82d7178f-468e-4c98-bc1c-db95e38d846a,user42,Sayang banget peluangnya gagal.,null,2025-02-20 03:44:54,2025-03-14 08:49:59
d2ac3130-c1a3-4ef7-bfc7-741a46b863c4,41ffa368-b684-4568-8e40-145566dabdbb,user63,Masih perlu perbaikan di lini tengah.,null,2025-04-02 06:37:27,2025-04-17 11:45:59
98744425-b886-43cd-a8ca-c0cc263033f5,af226cc9-1cea-4778-8981-1385c974668b,user79,Sayang banget peluangnya gagal.,null,2024-09-06 14:15:19,2024-10-05 02:09:55
a094724a-2d06-4379-81b1-c55ccfe6ab84,983a395b-ee26-4cd5-b497-c1e0130d464a,user46,Harusnya bisa menang lebih besar.,null,2025-06-20 14:29:12,2025-07-20 13:45:58
5cd82c9c-b41a-4b15-84ed-e6c0919f7748,d3b31793-116e-4e6b-9e60-5ffd06aff9a5,user39,Sayang banget peluangnya gagal.,null,2025-04-14 18:15:24,2025-05-13 09:51:09
c3a92f8d-dd08-40bf-ba94-9f7a37ce25e0,d3b31793-116e-4e6b-9e60-5ffd06aff9a5,user18,Permainan pertahanan masih lemah.,null,2024-08-23 17:38:26,2024-08-29 10:57:33
b61c305d-0b68-476d-acfd-0593ecb07d73,4c975e95-3874-48fa-958f-f28080ffc07c,user15,Harusnya bisa menang lebih besar.,null,2025-02-17 13:14:37,2025-03-07 16:10:36
675ff0f9-42b8-4798-9bca-dc8d7b489fe5,5d6756fa-cf36-423c-b033-ecf5881cf5e8,user50,Harusnya bisa menang lebih besar.,null,2025-02-16 07:28:31,2025-03-17 06:21:42
d85f1f24-253e-4e6e-8b19-ca475361713b,693edb15-674e-4192-86b4-fbd9fc76ec96,user50,Wasitnya kontroversial banget.,null,2024-12-01 07:40:13,2024-12-10 08:05:20
64a76508-a4e1-4a22-97f5-fb19d3206fd2,555e1e37-bc97-4ae7-b5cf-5048d7457343,user69,Formasi ini cukup efektif.,null,2025-03-08 01:03:18,2025-03-16 10:53:17
2cbf61ac-12e1-4cd7-aa48-ac161f0d51b0,7ad9aa8b-2620-4f87-88b4-67ba5429d34c,user63,Harusnya bisa menang lebih besar.,null,2024-06-21 11:49:00,2024-06-28 07:16:26
3f3a744f-7ff2-472f-9c3e-410b1f99936a,568c8f7d-3ac0-4557-8887-350c0b3c4452,user58,Kiper tampil luar biasa.,null,2025-06-19 23:55:06,2025-06-22 14:22:47
f1fe9ac6-7f89-415c-9b49-74ea2e23f2a4,637db1a9-42d5-4f6f-b0f7-69e453867e16,user63,Pemain muda semakin berkembang.,null,2025-01-20 20:19:21,2025-01-30 07:39:49
da7d5447-2e81-44f4-9e1e-e779e3cc4fd5,0671d796-9489-47c1-beca-66d5d193de43,user65,Wasitnya kontroversial banget.,null,2025-08-06 23:41:01,2025-08-26 20:21:34
f0982d95-c0a7-4120-86c8-8142077eabbc,b0a6e902-2b8b-4baa-9671-b12dcf2a4f08,user57,Sayang banget peluangnya gagal.,null,2025-05-16 07:08:49,2025-05-24 10:00:40
da31a7e8-8ed3-4249-84ba-a1346f5bc4b2,bc142b45-0d74-4dbc-93d6-818f3ba0c597,user4,Mainnya bagus banget!,null,2025-09-19 22:47:55,2025-10-04 03:06:28
a5d8ce48-9fc6-4c4d-8952-d2b290a48f4a,c608980c-8c60-411d-8803-3ed4167222c0,user29,Wasitnya kontroversial banget.,null,2024-10-04 00:46:39,2024-10-12 04:45:18
cb69b6f2-fb05-4a20-a664-606f0d15be7e,bc142b45-0d74-4dbc-93d6-818f3ba0c597,user64,Sayang banget peluangnya gagal.,null,2025-10-21 21:52:57,2025-11-15 17:00:52
92aa6299-752b-45d6-8cd9-cff0cf111847,693edb15-674e-4192-86b4-fbd9fc76ec96,user15,Kiper tampil luar biasa.,null,2024-08-02 19:28:01,2024-08-29 04:13:53
f7cd6ce9-b455-4219-951a-ef03dd2db7b0,6632a6d2-a70a-4932-a9a2-5e01a4ae13e6,user6,Permainan pertahanan masih lemah.,null,2025-10-19 19:08:55,2025-11-15 07:41:46
957c22e6-6f1a-4edd-98bb-c43c3dc51fab,3bc3a449-0f83-47d3-aba4-ef9599827617,user14,Mainnya bagus banget!,null,2024-06-03 03:40:29,2024-06-17 14:31:50
6940bb3b-0ad0-4a73-b1dd-4ef3cc8b34b3,fa03a668-b60c-4224-be9e-d8816898e1a1,user34,Wasitnya kontroversial banget.,null,2024-10-10 17:01:10,2024-10-14 22:21:43
95b3a9bd-695a-4124-868b-789a60f0f656,35ce7d8a-565c-45bb-94bb-fd30afd2f07b,user31,Kiper tampil luar biasa.,null,2024-11-07 07:40:46,2024-12-05 20:39:37
542d28ff-e468-4a2e-a5e5-e279668a02bf,908e4f92-ae48-48d1-87d8-e2f56b329bf7,user79,Masih perlu perbaikan di lini tengah.,null,2025-04-13 10:39:37,2025-04-21 12:02:34
980ab709-fd4e-4664-bd3e-4c7f745767c1,9e697496-eff7-402e-bede-d29f55c9ef00,user27,Masih perlu perbaikan di lini tengah.,null,2025-10-17 03:08:20,2025-10-20 00:17:44
abd0f77c-1722-4f7e-a0dd-cd790d78def8,983a395b-ee26-4cd5-b497-c1e0130d464a,user69,Formasi ini cukup efektif.,null,2025-04-12 22:49:09,2025-05-11 22:12:31
2f5436f7-bc7f-4c34-a3a0-ed0fd0b6cbd0,7ad9aa8b-2620-4f87-88b4-67ba5429d34c,user42,Masih perlu perbaikan di lini tengah.,null,2024-06-27 09:29:17,2024-07-11 10:35:08
92af9c7c-3c0b-47a8-8941-bf797e41e08f,0491479d-ec8d-4d0f-a53e-237da83ef53c,user66,Harusnya bisa menang lebih besar.,null,2025-09-21 10:45:39,2025-09-26 01:42:22
47aa4be2-c321-451c-9998-d331b0286c90,ba2475b0-cd10-45f4-a75b-f1c2bd663ef1,user53,Harusnya bisa menang lebih besar.,null,2023-10-24 20:19:06,2023-11-07 07:25:25
76afbfcb-b55a-4ec0-93ed-03b48fd6126a,7adbf283-5819-4cbd-8be8-383a29366c10,user17,Kiper tampil luar biasa.,null,2025-03-22 06:53:43,2025-03-29 09:16:52
007a6f29-94f5-4696-b9e0-a61734705eda,9f754222-83f3-40f1-aba3-d9251b724879,user51,Masih perlu perbaikan di lini tengah.,null,2025-03-31 12:06:06,2025-04-07 09:44:37
fbbc058f-7b38-4f5b-b16d-4e06efe0c0bc,dc84b4bd-9282-4c4c-944d-ab06d43d9715,user35,Pemain muda semakin berkembang.,null,2025-08-20 08:21:31,2025-09-09 10:57:56
ac610b96-7d85-4334-956e-b2dadbc0719e,fa03a668-b60c-4224-be9e-d8816898e1a1,user10,Pemain muda semakin berkembang.,null,2025-05-20 02:45:05,2025-05-24 15:12:52
4b25095e-c076-4693-a3f3-f842eb911758,5d6756fa-cf36-423c-b033-ecf5881cf5e8,user36,Wasitnya kontroversial banget.,null,2025-09-19 01:08:50,2025-10-06 23:08:46
d63cd7f2-fd0d-4672-94d2-53817abb5545,4e9bae6d-08f4-4ab7-ab47-20bb994152f4,user42,Wasitnya kontroversial banget.,null,2023-08-28 12:59:45,2023-09-02 01:30:49
7481a2a8-0ece-4b61-9d15-2bceefbf35f9,555e1e37-bc97-4ae7-b5cf-5048d7457343,user46,Formasi ini cukup efektif.,null,2025-07-07 17:39:27,2025-07-10 19:26:35
fda7e3a6-57d0-4b13-bceb-a3146811280a,3dba6f91-f510-4f01-929e-1cb6b66b32e9,user28,Permainan pertahanan masih lemah.,null,2025-10-09 14:51:26,2025-10-30 11:25:39
0f55339f-85cf-4a0d-b80d-e6ce8efead4e,a6a022ad-bf91-4133-a949-3667c89facdb,user35,Kiper tampil luar biasa.,null,2025-07-26 04:14:14,2025-08-08 22:38:49
e218cb98-9780-4ea2-846f-43b21e6533b0,aab9076a-f34c-4e4b-90ef-1ddeb2949dad,user74,Wasitnya kontroversial banget.,null,2024-03-28 16:53:29,2024-04-25 04:29:41
b7878a13-8ab6-46b6-a2de-a7f1b2b491c0,0678eaf7-9931-4b0e-9b2a-c09b13dffb1e,user7,Wasitnya kontroversial banget.,null,2023-07-16 13:01:45,2023-07-21 09:02:31
0f540240-1a58-4a29-918c-145c1f0a0099,5c50ab94-1821-435a-a8f9-1a7819e94c0e,user16,Wasitnya kontroversial banget.,null,2024-12-13 21:44:33,2025-01-04 07:52:40
29ff3739-82e7-4c0e-898a-c4d04d289a13,c67049ba-5b57-4eb9-bf8c-7da6b4a24ed1,user55,Pelatih perlu rotasi pemain.,null,2025-08-14 14:01:39,2025-08-20 23:43:02
0fa7cf05-850e-48cc-b3cb-5364d6ec4e30,e8d2703f-423a-4022-ae37-573c6759f585,user36,Pelatih perlu rotasi pemain.,null,2024-11-24 08:51:13,2024-12-11 20:47:28
597d7170-9218-48fd-98d1-471793b8f2a4,37214782-11cb-4189-89bb-93303ffce95d,user48,Mainnya bagus banget!,null,2025-07-14 07:11:50,2025-07-22 08:02:52
b0bacc5f-63e2-4246-a749-26299ca77423,3dba6f91-f510-4f01-929e-1cb6b66b32e9,user40,Pemain muda semakin berkembang.,null,2025-04-04 13:02:11,2025-04-15 21:50:01
b51b548a-4533-4d3c-9efc-79dd685b5810,99a768e5-01da-431e-a135-4d942361cc40,user12,Mainnya bagus banget!,null,2025-06-26 06:29:41,2025-06-30 21:23:30
475335ba-42ad-46d3-8a9f-6de162bf0c63,f35a85cc-b9ef-4dfc-bbb5-570463279dbd,user62,Masih perlu perbaikan di lini tengah.,null,2025-09-16 02:38:35,2025-09-22 13:14:58
5f485d7c-b801-4512-910a-bd785d2a1ee9,b6a2ebf2-c755-4a7c-a1e1-b6fdc25fb3f3,user67,Mainnya bagus banget!,null,2025-09-30 09:04:22,2025-10-21 23:36:47
9e4b7a7e-b8ba-4145-8608-00ad1c4afb0c,637db1a9-42d5-4f6f-b0f7-69e453867e16,user44,Pemain muda semakin berkembang.,null,2025-10-12 03:44:06,2025-10-18 00:14:12
a4216f5a-e654-4513-b51c-a0fbed52edf9,8876251b-3822-4d9d-9a34-ac693fc14d3b,user17,Permainan pertahanan masih lemah.,null,2025-08-23 00:45:12,2025-08-26 11:16:27
8b4b3787-ec95-496e-99d9-0897da46d692,af226cc9-1cea-4778-8981-1385c974668b,user12,Sayang banget peluangnya gagal.,null,2025-05-27 07:07:17,2025-06-01 06:27:27
3e3eeaf0-b37e-4145-9261-56705f7af2b2,568c8f7d-3ac0-4557-8887-350c0b3c4452,user48,Harusnya bisa menang lebih besar.,null,2025-09-29 14:00:41,2025-10-14 02:40:08
4e5fcee7-39b8-4614-8b7b-43c661eb9ea2,22966851-d850-4b88-99cf-ed127cc338ef,user18,Sayang banget peluangnya gagal.,null,2025-06-23 00:59:56,2025-06-29 23:26:05
0fe30e76-aad1-4b48-a6ac-49f81d229bd0,c70dcc5c-8f25-459e-92f2-dab95153e668,user73,Harusnya bisa menang lebih besar.,null,2024-11-16 11:49:03,2024-12-16 02:53:27
d51fa5b0-0686-4852-8829-18685feafaec,01bb7e35-ce68-491c-af8c-e634f7472a69,user45,Pemain muda semakin berkembang.,null,2025-04-21 17:19:22,2025-04-29 01:41:11
37580cd4-8b4d-4d5e-8822-0f3b6d88beb0,96cb618d-ba2c-46df-ad01-fbcb73f9b922,user57,Sayang banget peluangnya gagal.,null,2025-05-03 20:03:26,2025-05-08 01:03:21
adf9f2eb-cb8d-4d17-a42a-57c4399aefcc,9e697496-eff7-402e-bede-d29f55c9ef00,user16,Pemain muda semakin berkembang.,null,2025-10-21 10:18:03,2025-11-07 11:52:10
2cd2dc92-d13a-40d0-ae26-c1ea92101baf,568c8f7d-3ac0-4557-8887-350c0b3c4452,user18,Sayang banget peluangnya gagal.,null,2025-01-26 16:08:07,2025-02-09 02:49:33
41f0cc24-5813-46bd-97b0-8f73bb24b8b0,9f754222-83f3-40f1-aba3-d9251b724879,user71,Masih perlu perbaikan di lini tengah.,null,2025-09-20 18:37:36,2025-10-19 21:41:11
b6f28979-3eb6-4541-8ea0-f9980c546157,eba488be-51c1-46cf-b39a-28afb76c616c,user4,Permainan pertahanan masih lemah.,null,2025-07-17 22:03:49,2025-08-01 13:30:38
7991683a-e840-410c-be2a-a1dc70012f2b,d41da983-f781-479f-9d3e-883f0aadf5e4,user78,Pemain muda semakin berkembang.,null,2025-08-27 19:32:55,2025-09-05 23:20:15
49eab242-9bfd-4056-ae26-b61e29df0f55,fca5281a-1230-47f5-bffe-9db17c614020,user7,Wasitnya kontroversial banget.,null,2025-10-23 13:29:36,2025-11-04 04:20:45
43cfadfe-8fd6-4261-b942-446e3cbb51e1,af226cc9-1cea-4778-8981-1385c974668b,user15,Masih perlu perbaikan di lini tengah.,null,2024-05-11 22:47:39,2024-06-05 04:51:00
d63d8083-60e8-44f1-84e0-2d9498bf6f3e,b01c00d1-4c72-4781-ac9d-73349aee7036,user68,Kiper tampil luar biasa.,null,2025-05-11 17:59:32,2025-05-29 06:42:07
6990567f-cd9a-4eee-ad5b-473047fa5a03,48db662d-2e67-447a-998b-177727ab2abf,user50,Kiper tampil luar biasa.,null,2025-03-29 22:58:19,2025-04-19 09:18:48
f34e92cb-e854-4278-921f-92228c557b99,6632a6d2-a70a-4932-a9a2-5e01a4ae13e6,user23,Mainnya bagus banget!,null,2025-10-20 12:25:12,2025-10-24 01:27:41
49decc5f-c03c-4843-b46f-a6bf05d75fdc,9daea4a5-4e0e-40e7-95e8-a3f685f4d75e,user9,Permainan pertahanan masih lemah.,null,2025-07-21 10:33:26,2025-08-03 04:01:30
6cbb66a4-8d8f-4776-8f5d-52158980ebe1,5eb3ae8d-8745-4d65-9813-559d847d15f1,user8,Formasi ini cukup efektif.,null,2025-10-21 15:01:32,2025-11-09 22:42:00
1a8969cb-e838-4d71-909d-44a6b280fbad,eba488be-51c1-46cf-b39a-28afb76c616c,user65,Pemain muda semakin berkembang.,null,2025-05-16 04:10:34,2025-06-05 08:11:22
3c39a356-e875-452e-9d74-2ca5fd90f65f,7adbf283-5819-4cbd-8be8-383a29366c10,user52,Formasi ini cukup efektif.,null,2024-11-12 09:08:23,2024-12-08 10:16:58
bc184fe1-6348-42d5-a0f1-e3584c768cf3,96cb618d-ba2c-46df-ad01-fbcb73f9b922,user20,Pelatih perlu rotasi pemain.,null,2025-05-27 05:22:37,2025-05-31 06:46:28
24a96805-ffcf-47ca-b965-61004cf1f732,37214782-11cb-4189-89bb-93303ffce95d,user66,Formasi ini cukup efektif.,null,2024-07-20 23:43:51,2024-07-28 12:45:29
a145f7a1-35d3-4525-a211-22864d49cfee,15ad8a86-ca5c-47ac-a26f-463434d609d0,user51,Pemain muda semakin berkembang.,null,2025-07-26 20:11:24,2025-08-10 21:33:49
23ca926e-b1ac-43e3-a58d-d9bcfb73f77e,f9991aab-f9e3-47a4-9f82-99f89d1f0268,user31,Sayang banget peluangnya gagal.,null,2024-02-16 18:21:43,2024-02-28 15:12:05
351eeb12-1b53-450c-a95e-7a2dac1d6d50,27a654c0-29fa-4019-bfdf-bf0dfbd26fb0,user15,Masih perlu perbaikan di lini tengah.,null,2024-11-12 15:51:53,2024-12-12 09:14:31
2fe74833-3a27-4fe3-bd7e-4f95a3d416bc,5110774e-a9a5-4d42-8fc1-8ad0f01680e6,user40,Sayang banget peluangnya gagal.,null,2025-09-28 09:28:35,2025-10-06 22:07:07
63a2c923-2efa-4f53-838b-c90b4ca28a49,637db1a9-42d5-4f6f-b0f7-69e453867e16,user18,Harusnya bisa menang lebih besar.,null,2025-08-28 06:10:38,2025-08-28 19:24:05
9ede64fa-4c29-4446-b72e-a3ec8a55bd39,a6a022ad-bf91-4133-a949-3667c89facdb,user45,Pelatih perlu rotasi pemain.,null,2025-10-11 21:40:45,2025-11-06 00:17:14
22d5fc2f-6129-47b3-b5de-485af81b22f5,7ad9aa8b-2620-4f87-88b4-67ba5429d34c,user48,Sayang banget peluangnya gagal.,null,2023-10-13 23:35:30,2023-10-27 00:43:29
4425a17f-9553-47bd-be68-e581d4051c1f,7b44e05a-412b-4ad4-bd93-59efcbb8eed9,user4,Pelatih perlu rotasi pemain.,null,2025-05-24 04:16:07,2025-06-14 00:28:04
cf8a04b0-93cb-49a1-9472-116fc710d866,c70dcc5c-8f25-459e-92f2-dab95153e668,user9,Sayang banget peluangnya gagal.,null,2025-02-23 07:41:44,2025-03-23 07:32:36
2ac1e384-a269-40b8-9d53-1bcf0c506e7d,a6a022ad-bf91-4133-a949-3667c89facdb,user59,Mainnya bagus banget!,null,2025-10-07 03:44:53,2025-10-24 15:19:22
c852e473-4e9d-4f14-a6aa-b653a7f562c2,a6a022ad-bf91-4133-a949-3667c89facdb,user73,Harusnya bisa menang lebih besar.,null,2025-05-26 14:21:48,2025-06-13 10:45:02
a9aaa0c9-1b9c-4515-bcf2-9ba5c30686e0,82788d89-82e6-4adc-ad0e-a65f2d6d543c,user14,Permainan pertahanan masih lemah.,null,2025-05-28 13:34:31,2025-06-03 03:56:55
0f5c2bc9-3a06-4bee-b409-e045bc2f66b0,d9112a16-6c5c-4a31-97d3-3256ad7a817f,user66,Mainnya bagus banget!,null,2025-09-23 23:28:08,2025-09-26 02:46:36
2212bda1-fd6a-498f-b1dc-ac02a1380ed7,9f754222-83f3-40f1-aba3-d9251b724879,user6,Pemain muda semakin berkembang.,null,2025-03-04 00:24:59,2025-03-21 16:28:47
b7b6ff54-2b0b-42b0-9046-834df598578c,e227a2ec-ea25-4c95-ab6b-b2d845dd6eb1,user23,Pemain muda semakin berkembang.,null,2024-10-20 19:26:20,2024-11-16 15:34:22
e5072079-4557-4224-b391-e1b3a2b907e5,b6a2ebf2-c755-4a7c-a1e1-b6fdc25fb3f3,user42,Kiper tampil luar biasa.,null,2025-07-08 13:06:50,2025-07-28 18:05:16
22ddafc8-885a-4e36-8847-f2af5cb0829a,0491479d-ec8d-4d0f-a53e-237da83ef53c,user10,Sayang banget peluangnya gagal.,null,2025-01-09 04:51:10,2025-01-27 07:12:20
f999d0b1-0702-4e69-aae3-7376230f733c,53968840-853a-46a1-87a7-f74f6066e237,user7,Formasi ini cukup efektif.,null,2024-04-07 02:06:55,2024-04-17 22:08:40
623011a8-3f57-49c3-8a3f-65ab47fe4da9,5eb3ae8d-8745-4d65-9813-559d847d15f1,user52,Pelatih perlu rotasi pemain.,null,2025-01-14 20:45:02,2025-02-06 10:37:28
f8cc056d-84a2-4a5a-8276-7383934bfc76,9b1cd5b4-e763-4b2a-842f-687e0cb17f57,user40,Formasi ini cukup efektif.,null,2024-12-05 11:25:34,2024-12-09 16:04:21
f64f1525-1387-41c1-aa23-889353ea88cb,21799082-e9b1-44e5-956c-7ba69ead7a5e,user2,Pelatih perlu rotasi pemain.,null,2025-02-01 20:53:20,2025-02-11 14:41:15
3d7bdb8f-2596-4fdc-9f3e-acd235e43a0d,bc142b45-0d74-4dbc-93d6-818f3ba0c597,user39,Kiper tampil luar biasa.,null,2025-09-22 02:11:22,2025-10-14 14:42:11
baea7c47-9b18-4953-8c28-a0ba43065c55,9daea4a5-4e0e-40e7-95e8-a3f685f4d75e,user64,Formasi ini cukup efektif.,null,2025-10-24 23:25:43,2025-11-03 11:06:44
5a2a673e-6432-47a3-9ac8-c1dc6a2cdfbb,2adacfa9-e7b6-4adf-acfd-792498eea916,user32,Pemain muda semakin berkembang.,null,2025-03-09 07:07:00,2025-03-09 14:32:50
141564bb-5463-460f-ab53-52cb124f08ea,8abc46eb-aa19-420a-bda5-43e3ab64188d,user30,Mainnya bagus banget!,null,2025-09-29 01:01:53,2025-10-15 20:38:39
e7a9ec4b-1503-4a7d-b9cd-bdaeeb7358c0,217d3a76-db7d-43a1-8405-54c79fc17ff1,user1,Sayang banget peluangnya gagal.,null,2025-08-13 22:36:04,2025-08-28 20:52:37
c57d9d53-696a-40e2-a420-6e9094d094a7,7ba9e3be-f7c7-4f23-8591-e720272a3feb,user68,Wasitnya kontroversial banget.,null,2024-09-03 11:02:58,2024-09-23 20:10:13
061cb856-b0fc-45bc-88cc-a9659264777a,5110774e-a9a5-4d42-8fc1-8ad0f01680e6,user19,Sayang banget peluangnya gagal.,null,2025-10-07 05:51:42,2025-10-20 19:52:54
d82c3a8f-61b7-4f3d-9b56-50ee495556cf,5eb3ae8d-8745-4d65-9813-559d847d15f1,user30,Kiper tampil luar biasa.,null,2025-07-08 22:49:00,2025-07-29 00:03:45
5e6b1aee-115a-45e1-8c4a-dcac2542d331,21799082-e9b1-44e5-956c-7ba69ead7a5e,user11,Formasi ini cukup efektif.,null,2025-07-16 10:04:58,2025-07-21 01:26:17
8c0d6bef-46ac-4b06-a79f-82f01066389c,9e697496-eff7-402e-bede-d29f55c9ef00,user51,Masih perlu perbaikan di lini tengah.,null,2025-10-13 22:10:40,2025-11-11 15:47:10
6379a736-ab8b-4ad3-9858-5ca17d9a0e74,5110774e-a9a5-4d42-8fc1-8ad0f01680e6,user56,Permainan pertahanan masih lemah.,null,2025-09-27 16:31:59,2025-10-04 00:49:09
bd5adfa2-730d-43ad-8035-f70b1b28f5b5,fca5281a-1230-47f5-bffe-9db17c614020,user34,Pemain muda semakin berkembang.,null,2025-10-24 09:02:28,2025-11-08 16:03:11
896e90d1-310f-498e-8677-cfaadd6a8ca2,7adbf283-5819-4cbd-8be8-383a29366c10,user42,Pelatih perlu rotasi pemain.,null,2025-05-14 09:35:59,2025-06-05 09:06:03
aebadc60-ffea-455c-ba35-bced533ec6e5,bb749909-a826-4a2e-8ed4-604ddefbe043,user10,Masih perlu perbaikan di lini tengah.,null,2024-01-15 21:10:02,2024-01-22 11:44:56
1c234dc3-80ef-4f7f-a5ec-b5e8180f30b8,89d47a39-5854-49f9-99cb-3ebfd001c71e,user20,Wasitnya kontroversial banget.,null,2025-05-08 06:48:57,2025-05-16 06:19:35
25988912-86ce-4029-bbae-c4861bb60966,5c4fb000-f30f-49b2-bc01-01ad09cb2893,user41,Formasi ini cukup efektif.,null,2025-08-30 20:51:05,2025-09-05 17:31:11
1dbc7d49-34d5-47fd-bb72-f4981843f1e8,0a2e7e14-be7c-4cbc-93be-c6077977b450,user27,Wasitnya kontroversial banget.,null,2025-04-06 10:25:04,2025-04-21 09:37:20
95e0102f-da87-4a5b-b163-5b9262ae4695,41ffa368-b684-4568-8e40-145566dabdbb,user16,Pelatih perlu rotasi pemain.,null,2024-04-27 14:52:15,2024-05-05 06:30:21
e87eef75-f01e-428f-beb7-e3ccebe848ca,908e4f92-ae48-48d1-87d8-e2f56b329bf7,user78,Kiper tampil luar biasa.,null,2023-08-19 23:02:22,2023-08-30 09:33:24
9e14284e-0e91-45f9-aa93-5d47ce49679d,8f36bb11-533e-414c-bb9d-21ba1999cef9,user12,Kiper tampil luar biasa.,null,2025-04-17 09:51:52,2025-04-29 11:03:37
7b4f2225-a294-4f15-a91a-81247ecfd657,3dba6f91-f510-4f01-929e-1cb6b66b32e9,user66,Pelatih perlu rotasi pemain.,null,2023-10-26 16:08:17,2023-11-10 04:18:45
1258e84a-1caf-45f2-a92a-4a1cd89d5b39,eb7b6f8c-20ac-482e-8454-09c09532f0f7,user4,Formasi ini cukup efektif.,null,2025-03-25 10:31:53,2025-04-16 09:23:02
a64d1cd6-03d0-4fb3-b1e1-f2ea2424e2db,1ceb3b10-1620-4a79-9883-c7f7aa7dd645,user71,Wasitnya kontroversial banget.,null,2024-07-10 00:24:39,2024-07-14 14:46:25
3a7df858-6a54-4b27-87cf-775c376284bb,89d47a39-5854-49f9-99cb-3ebfd001c71e,user18,Mainnya bagus banget!,null,2025-05-11 08:25:42,2025-05-11 22:21:32
d02294d9-6561-46ac-8338-c7ce67f0f8e8,9b1cd5b4-e763-4b2a-842f-687e0cb17f57,user29,Pemain muda semakin berkembang.,null,2024-02-04 02:10:50,2024-02-13 17:01:20
12530fb8-e21d-456a-b61b-bd3fd808dc66,e9ac6ecf-6cde-428b-9a10-1ba0961aa187,user11,Mainnya bagus banget!,null,2024-09-04 20:46:35,2024-09-08 12:08:34
67c42e0f-b8b8-473d-b0d8-050b90601587,98dff5c6-df9d-4dce-82d8-983795f7e38e,user26,Sayang banget peluangnya gagal.,null,2025-05-09 04:20:01,2025-05-15 10:23:11
10f95a55-c136-4e81-8045-9e5a5fbf6a0b,217d3a76-db7d-43a1-8405-54c79fc17ff1,user16,Mainnya bagus banget!,null,2025-04-06 09:25:26,2025-04-28 18:31:18
c946b115-5aed-4a63-aa26-61978f35e873,7ad9aa8b-2620-4f87-88b4-67ba5429d34c,user74,Wasitnya kontroversial banget.,null,2025-01-31 16:30:57,2025-02-19 20:43:21
958809a5-dcf2-4f74-b953-35cf6fcbf1de,8abc46eb-aa19-420a-bda5-43e3ab64188d,user49,Kiper tampil luar biasa.,null,2025-09-06 17:38:47,2025-09-15 02:58:52
1f5381d1-f809-4f15-9197-dfb4a8ba2cc8,f35a85cc-b9ef-4dfc-bbb5-570463279dbd,user24,Wasitnya kontroversial banget.,null,2025-09-25 16:12:54,2025-10-09 06:16:09
10c5b13f-f5b4-42d9-a993-f97415408d90,e227a2ec-ea25-4c95-ab6b-b2d845dd6eb1,user5,Wasitnya kontroversial banget.,null,2025-04-02 05:58:28,2025-04-16 13:47:48
87127c64-6e74-4171-aa28-384fdcb0f214,edaf82e2-eb11-4f3e-aa89-084646406b58,user71,Sayang banget peluangnya gagal.,null,2025-10-24 19:39:47,2025-10-27 18:42:31
991dd711-42ca-41ee-b48c-d8ce177192a0,c608980c-8c60-411d-8803-3ed4167222c0,user50,Permainan pertahanan masih lemah.,null,2024-02-11 18:53:52,2024-03-03 03:20:30
4d242b85-a4fb-4a03-8d60-755c891d5064,d0d561fe-bd45-4cc8-9b64-bb03bcdab4ab,user68,Mainnya bagus banget!,null,2025-01-06 20:37:40,2025-02-02 06:02:01
37cebedc-e9e5-49a3-b3a5-c38bba17a9a3,22966851-d850-4b88-99cf-ed127cc338ef,user46,Wasitnya kontroversial banget.,null,2025-04-21 04:03:31,2025-05-17 14:28:04
387d2b29-520b-44c6-a550-c2f245d6f608,983a395b-ee26-4cd5-b497-c1e0130d464a,user73,Pemain muda semakin berkembang.,null,2025-07-07 21:33:41,2025-07-23 12:15:27
10ee4f62-0e53-44ac-8774-6c060c7f1184,0491479d-ec8d-4d0f-a53e-237da83ef53c,user24,Masih perlu perbaikan di lini tengah.,null,2023-11-12 12:29:57,2023-11-28 00:01:06
44ec93a7-2622-494e-afcd-a8d101d2ec08,b6a2ebf2-c755-4a7c-a1e1-b6fdc25fb3f3,user4,Mainnya bagus banget!,null,2025-10-19 12:22:29,2025-11-02 03:41:06
e1607260-6ab9-4cb7-857a-a09362c2974a,43d61102-0137-4cb4-9059-a4ba70bc3bdf,user68,Permainan pertahanan masih lemah.,null,2024-09-17 23:00:43,2024-10-16 07:24:30
3eb97ba6-9ca8-4f6e-a30b-9c00bd5f76de,e8d2703f-423a-4022-ae37-573c6759f585,user13,Pelatih perlu rotasi pemain.,null,2025-01-23 09:03:25,2025-02-04 02:01:13
7481467c-1a7a-4864-8b9d-6257b5b7a9a6,ee9f2818-bd23-4dd6-bae0-7a89386cc28d,user8,Masih perlu perbaikan di lini tengah.,null,2025-10-09 00:26:26,2025-10-19 16:04:24
73af8fa1-9c13-4a3d-a0e7-73c3a148b5c9,af226cc9-1cea-4778-8981-1385c974668b,user46,Harusnya bisa menang lebih besar.,null,2025-08-19 12:56:28,2025-08-27 23:19:49
854929cb-c8e7-4d65-bfd8-b51f8f0ee942,03e9dc51-06d0-46f6-ba2b-0dede0c6affc,user76,Masih perlu perbaikan di lini tengah.,null,2024-05-14 10:32:08,2024-05-31 20:32:53
c1899ff8-3cdc-4d8a-996d-9702c70a15ee,8abc46eb-aa19-420a-bda5-43e3ab64188d,user46,Harusnya bisa menang lebih besar.,null,2025-10-04 02:41:42,2025-10-31 11:20:38
6caa68df-ddd5-4dc9-8aeb-104c44ea3359,bc142b45-0d74-4dbc-93d6-818f3ba0c597,user25,Pelatih perlu rotasi pemain.,null,2025-10-16 07:53:57,2025-11-11 15:31:12
9dbbb286-829e-4169-9986-6dcbf0574693,eb7b6f8c-20ac-482e-8454-09c09532f0f7,user63,Mainnya bagus banget!,null,2023-09-03 05:05:15,2023-09-07 14:14:41
2657024d-c362-44d8-a2a1-c3abebccd400,bb749909-a826-4a2e-8ed4-604ddefbe043,user78,Formasi ini cukup efektif.,null,2024-02-09 21:16:53,2024-02-10 20:29:57
79e2a553-e5cf-48a8-9406-6387ddea6d93,0a4242c1-022a-453c-b9e4-ef732f484284,user1,Permainan pertahanan masih lemah.,null,2025-03-24 01:51:06,2025-04-22 21:22:13
4ee1a558-88d5-4d8b-aab2-65818f8f7c8f,48db662d-2e67-447a-998b-177727ab2abf,user44,Kiper tampil luar biasa.,null,2025-07-23 08:16:47,2025-07-31 23:02:07
a317399a-3d5f-47b2-96c8-d3f0f7ffb409,5110774e-a9a5-4d42-8fc1-8ad0f01680e6,user3,Harusnya bisa menang lebih besar.,null,2025-06-19 17:42:31,2025-07-18 05:09:28
a33a036c-2917-40e7-add1-f7f32e4d6459,9b1cd5b4-e763-4b2a-842f-687e0cb17f57,user15,Sayang banget peluangnya gagal.,null,2025-10-10 14:27:30,2025-10-28 07:35:08
0c247f6d-3db6-4878-bc36-842c6308b9c6,e9ac6ecf-6cde-428b-9a10-1ba0961aa187,user51,Pelatih perlu rotasi pemain.,null,2024-01-03 17:59:44,2024-01-20 02:07:03
26061a9b-a399-4303-b494-9b8e92c5966a,15ad8a86-ca5c-47ac-a26f-463434d609d0,user18,Wasitnya kontroversial banget.,null,2025-08-13 14:05:33,2025-09-03 19:04:51
